Division,District,Division_Geocode,District_Geocode,Household_Total,Population_Total,Household_Excluding_Slum_Floating,Population_Excluding_Slum_Floating,Household_Slum,Population_Slum,Household_Floating,Population_Floating,Population Density,Type of Household_Household_total_except_floating_#,Type of Household_Population__except_floating_#,Type of Household_Household_General_#,Type of Household_Population_General_#,Type of Household_Household_Institutional,Type of Household_Population_Institutional_#,Type of Household_Household_Other_#,Type of Household_Population_Other_#,"Type of Dwelling, Sex & Dist_Population_Total_#","Type of Dwelling, Sex & Dist_Population_Male_#","Type of Dwelling, Sex & Dist_Population_Female_#","Type of Dwelling, Sex & Dist_Population_Hijra_#","Type of Dwelling, Sex & Dist_Population_Excluding_Slum_Floating_Total_#","Type of Dwelling, Sex & Dist_Population_Excluding_Slum_Floating_Male_#","Type of Dwelling, Sex & Dist_Population_Excluding_Slum_Floating_Female_#","Type of Dwelling, Sex & Dist_Population_Excluding_Slum_Floating_Hijra_#","Type of Dwelling, Sex & Dist_Population_Slum_Total_#","Type of Dwelling, Sex & Dist_Population_Slum_Male_#","Type of Dwelling, Sex & Dist_Population_Slum_Female_#","Type of Dwelling, Sex & Dist_Population_Slum_Hijra_#","Type of Dwelling, Sex & Dist_Population_Floating_Total_#","Type of Dwelling, Sex & Dist_Population_Floating_Male_#","Type of Dwelling, Sex & Dist_Population_Floating_Female_#","Type of Dwelling, Sex & Dist_Population_Floating_Hijra_#","Population by Sex, Dist & Loca_Population_Total_#","Population by Sex, Dist & Loca_Population_Male_#","Population by Sex, Dist & Loca_Population_Female_#","Population by Sex, Dist & Loca_Population_Hijra_#","Population by Sex, Dist & Loca_Population_rural_Total_#","Population by Sex, Dist & Loca_Population_rural_Male_#","Population by Sex, Dist & Loca_Population_rural_Female_#","Population by Sex, Dist & Loca_Population_rural_Hijra_#","Population by Sex, Dist & Loca_Population_Urban_Total_#","Population by Sex, Dist & Loca_Population_Urban_Male_#","Population by Sex, Dist & Loca_Population_Urban_Female_#","Population by Sex, Dist & Loca_Population_Urban_Hijra_#","Type of Household, Dist and Loca_# Population","Type of Household, Dist and Loca_# Population_ General HH","Type of Household, Dist and Loca_# Population_ Institutional HH","Type of Household, Dist and Loca_# Population_other HH","Type of Household, Dist and Loca_% Population_General HH","Type of Household, Dist and Loca_% Population_Institutional HH","Type of Household, Dist and Loca_% Population_other HH","Type of Household, Loca_Rural_# Population_Rural","Type of Household, Loca_Rural_# Population_ General HH_Rural","Type of Household, Loca_Rural_# Population_Institutional HH_Rural","Type of Household, Loca_Rural_# Population_other HH_Rural","Type of Household, Loca_Rural_% Population_General HH_Rural","Type of Household, Loca_Rural_% Population_Institutional HH_Rural","Type of Household, Loca_Rural_% Population_other HH_Rural","Type of Household, Loca_Urban.# Population_Urban","Type of Household, Loca_Urban.# Population_ General HH_Urban","Type of Household, Loca_Urban.# Population_Institutional HH_Urban","Type of Household, Loca_Urban.# Population_other HH_Urban","Type of Household, Loca_Urban.% Population_General HH_Urban","Type of Household, Loca_Urban.% Population_Institutional HH_Urban","Type of Household, Loca_Urban.% Population_other HH_Urban",10 Yrs & above by Mar Sta_Sex_# population,10 Yrs & above by Mar Sta_Sex_# Male ,10 Yrs & above by Mar Sta_Sex_# female,10 Yrs & above by Mar Sta_Sex_# Never married population,10 Yrs & above by Mar Sta_Sex_# Never married population_male,10 Yrs & above by Mar Sta_Sex_# Never married population_female,10 Yrs & above by Mar Sta_Sex_# Currently married population,10 Yrs & above by Mar Sta_Sex_# Currently married population_male,10 Yrs & above by Mar Sta_Sex_# Currently married population_female,10 Yrs & above by Mar Sta_Sex_# Widow/Widower population,10 Yrs & above by Mar Sta_Sex_# Widow/Widower population_male,10 Yrs & above by Mar Sta_Sex_# Widow/Widower population_female,10 Yrs & above by Mar Sta_Sex_# Divorced population,10 Yrs & above by Mar Sta_Sex_# Divorced population_male,10 Yrs & above by Mar Sta_Sex_# Divorced population_female,10 Yrs & above by Mar Sta_Sex_# Separated population,10 Yrs & above by Mar Sta_Sex_# Separated population_male,10 Yrs & above by Mar Sta_Sex_# Separated population_female,"Population by Religion, Sex_# Total_Muslim","Population by Religion, Sex_# Male_Muslim","Population by Religion, Sex_# Female_Muslim","Population by Religion, Sex_# Total_Hindu","Population by Religion, Sex_# Male_Hindu","Population by Religion, Sex_# Female_Hindu","Population by Religion, Sex_# Total_Christian","Population by Religion, Sex_# Male_Christian","Population by Religion, Sex_# Female_Christian","Population by Religion, Sex_# Total_Buddhist","Population by Religion, Sex_# Male_Buddhist","Population by Religion, Sex_# Female_Buddhist","Population by Religion, Sex_# Total_Others","Population by Religion, Sex_# Male_Others","Population by Religion, Sex_# Female_Others","Population Growth Rate, Sex Rat_Overall_Avg_Population Growth","Population Growth Rate, Sex Rat_Overall_Sex_Ratio","Population Growth Rate, Sex Rat_Overall_Dependeny_Ratio","Population Growth Rate, Sex Rat_Overall_Child-Woman Ratio","Population Growth Rate, Sex Rat_Rural_Avg. Population Growth","Population Growth Rate, Sex Rat_Rural_Sex_Ratio","Population Growth Rate, Sex Rat_Rural_Dependeny_Ratio","Population Growth Rate, Sex Rat_Rural_Child-Woman Ratio","Population Growth Rate, Sex Rat_Urban_Avg__Population Growth","Population Growth Rate, Sex Rat_Urban_Sex_Ratio","Population Growth Rate, Sex Rat_Urban_Dependeny_Ratio","Population Growth Rate, Sex Rat_Urban_Child-Woman Ratio",Person With Disablity (Except Hijra)_Total_Persons_With_Disability_#,Person With Disablity (Except Hijra)_Autism or Autism Spectrum Disorders_#,Person With Disablity (Except Hijra)_Physical Disability_#,Person With Disablity (Except Hijra)_Mental Illness Leading to Disability_#,Person With Disablity (Except Hijra)_Visual Disability_#,Person With Disablity (Except Hijra)_Speech Disability_#,Person With Disablity (Except Hijra)_Intellectual Disability_#,Person With Disablity (Except Hijra)_Hearing Disability_#,Person With Disablity (Except Hijra)_Deaf- Blindness_#,Person With Disablity (Except Hijra)_Cerebral Palsy_#,Person With Disablity (Except Hijra)_Down Syndrome_#,Person With Disablity (Except Hijra)_Multiple Disabilities_#,Person With Disablity (Except Hijra)_Other Disability_#,Literacy Rate_5year+_Overall,Literacy Rate_5year+_Male,Literacy Rate_5year+_Female,Rural_Literacy Rate_5year+_Overall,Rural_Literacy Rate_5year+_Male,Rural_Literacy Rate_5year+_Female,Urban_Literacy Rate_5year+_Overall,Urban_Literacy Rate_5year+_Male,Urban_Literacy Rate_5year+_Female,Literacy Rate_7year+_Overall,Literacy Rate_7year+_Male,Literacy Rate_7year+_Female,Rural_Literacy Rate_7year+_Overall,Rural_Literacy Rate_7year+_Male,Rural_Literacy Rate_7year+_Female,Urban_Literacy Rate_7year+_Overall,Urban_Literacy Rate_7year+_Male,Urban_Literacy Rate_7year+_Female,Literacy Rate_Aged 7 Yrs Ab_Re_Muslim,Literacy Rate_Aged 7 Yrs Ab_Re_Hindu,Literacy Rate_Aged 7 Yrs Ab_Re_Christian,Literacy Rate_Aged 7 Yrs Ab_Re_Buddist,Literacy Rate_Aged 7 Yrs Ab_Re_others,Literacy Rate_Aged 7 Yrs Ab_Re_Muslim_Male,Literacy Rate_Aged 7 Yrs Ab_Re_Hindu_Male,Literacy Rate_Aged 7 Yrs Ab_Re_Christian_Male,Literacy Rate_Aged 7 Yrs Ab_Re_Buddist_Male,Literacy Rate_Aged 7 Yrs Ab_Re_others_Male,Literacy Rate_Aged 7 Yrs Ab_Re_Muslim_Female,Literacy Rate_Aged 7 Yrs Ab_Re_Hindu_Female,Literacy Rate_Aged 7 Yrs Ab_Re_Christian_Female,Literacy Rate_Aged 7 Yrs Ab_Re_Buddist_Female,Literacy Rate_Aged 7 Yrs Ab_Re_others_Female,Total_Male_Student_5-29 years_#,Total_Female_Student_5-29 years_#,5-9 Year_Male_Student_#,5-9 Year_Female_Student_#,10-14 Years_Male_Student_#,10-14 Years_Female_Student_#,15-19 Years_Male_Student_#,15-19 Years_Female_Student_#,20-24 Years_Female_Student_#,20-24 Years_Male_Student_#,25-29 Years_Male_Student_#,25-29 Years_Female_Student_#,Overall_Working_Status_5 Year+_#,Overall_Working_Status_5 Year+_Male_#,Overall_Working_Status_5 Year+_Female_#,Overall_Employed_Working_Status_5 Year+_#,Overall_Employed_Working_Status_5 Year+_Male_#,Overall_Employed_Working_Status_5 Year+_Female_#,Overall_Household Work_Working_Status_5 Year+_#,Overall_Household Work_Working_Status_5 Year+_Male_#,Overall_Household Work_Working_Status_5 Year+_Female_#,Overall_Looking for work_Working_Status_5 Year+_#,Overall_Looking for work_Working_Status_5 Year+_Male_#,Overall_Looking for work_Working_Status_5 Year+_Female_#,Overall_Do not Work_Working_Status_5 Year+_#,Overall_Do not Work_Working_Status_5 Year+_Male_#,Overall_Do not Work_Working_Status_5 Year+_Female_#,Type of Work_Total_Employed_Population_# ,Type of Work_Male_Employed_Population _#,Type of Work_Female_Employed_Population_# ,Type of Work_Total_Salary/Wage_#,Type of Work_Male_Salary/Wage_#,Type of Work_Female_Salary/Wage_#,Type of Work_Total_Profit_#,Type of Work_Male_Profit_#,Type of Work_Female_Profit_#,Type of Work_Total_Household Use/Consumption_#,Type of Work_Male_Household Use/Consumption_#,Type of Work_Female_Household Use/Consumption_#,Type of Work_Total_Apprenticeship_#,Type of Work_Male_Apprenticeship_#,Type of Work_Female_Apprenticeship_#,Total_Employed_Population_#  ,Employed Population by Sector_Male_#,Employed Population by Sector_Female_#,Employed Population by Sector_Total_Agriculture_#,Employed Population by Sector_Male_Agriculture_#,Employed Population by Sector_Female_Agriculture_#,Employed Population by Sector_Total_Industry_#,Employed Population by Sector_Male_Industry_#,Employed Population by Sector_Female_Industry_#,Employed Population by Sector_Total_Service_#,Employed Population by Sector_Male_Service_#,Employed Population by Sector_Female_Service_#,15-24 Years NEET_%_Overall,15-24 Years NEET_%_male_Overall,15-24 Years NEET_%_female_Overall,15-24 Years NEET_%_rural_Overall,15-24 Years NEET_%_male_rural_Overall,15-24 Years NEET_%_female_rural_Overall,15-24 Years NEET_%_urban_Overall,15-24 Years NEET_%_male_urban_Overall,15-24 Years NEET_%_female_urban_Overall,15-24 Years NEET_%_15_19 year_overall,15-24 Years NEET_%_male_15_19 year,15-24 Years NEET_%_female_15_19 year,15-24 Years NEET_%_rural_15_19 year,15-24 Years NEET_%_male_rural_15_19 year,15-24 Years NEET_%_female_rural_15_19 year,15-24 Years NEET_%_urban_15_19 year,15-24 Years NEET_%_male_urban_15_19 year,15-24 Years NEET_%_female_urban_15_19 year,15-24 Years NEET_%_20_24 year_overall,15-24 Years NEET_%_male_20_24 year,15-24 Years NEET_%_female_20_24 year,15-24 Years NEET_%_rural_20_24 year,15-24 Years NEET_%_male_rural_20_24 year,15-24 Years NEET_%_female_rural_20_24 year,15-24 Years NEET_%_urban_20_24 year,15-24 Years NEET_%_male_urban_20_24 year,15-24 Years NEET_%_female_urban_20_24 year,%_Mobile Phone_Total_5year+,%_Mobile Phone_Male_5year+,%_Mobile Phone_Female_5year+,%_Mobile Phone_Rural_Total_5year+,%_Mobile Phone_Rural_Male_5year+,%_Mobile Phone_Rural_female_5year+,%_Mobile Phone_urban_Total_5year+,%_Mobile Phone_urban_Male_5year+,%_Mobile Phone_urban_female_5year+,%_Mobile Phone_Total_15 year+,%_Mobile Phone_Male_15 year+,%_Mobile Phone_Female_15 year+,%_Mobile Phone_Rural_Total_15 year+,%_Mobile Phone_Rural_Male_15 year+,%_Mobile Phone_Rural_female_15 year+,%_Mobile Phone_urban_Total_15 year+,%_Mobile Phone_urban_Male_15 year+,%_Mobile Phone_urban_female_15 year+,%_Inernet_Total_5year+,%_Inernet_Male_5year+,%_Inernet_Female_5year+,%_Inernet_Rural_Total_5year+,%_Inernet_Rural_Male_5year+,%_Inernet_Rural_female_5year+,%_Inernet_urban_Total_5year+,%_Inernet_urban_Male_5year+,%_Inernet_urban_female_5year+,%_Inernet_Total_15 year+,%_Inernet_Male_15 year+,%_Inernet_Female_15 year+,%_Inernet_Rural_Total_15 year+,%_Inernet_Rural_Male_15 year+,%_Inernet_Rural_female_15 year+,%_Inernet_urban_Total_15 year+,%_Inernet_urban_Male_15 year+,%_Inernet_urban_female_15 year+,%_Have financial account_Overall,%_Have financial account_Male,%_Have financial account_Female,%_Have financial account_Rural,%_Have financial account_Rural_Male,%_Have financial account_Rural_Female,%_Have financial account_Urban,%_Have financial account_Urban_Male,%_Have financial account_Urban_Female,%_Mobile Bank Account_Overall,%_Mobile Bank Account_Male,%_Mobile Bank Account_Female,%_Mobile Bank Account_Rural,%_Mobile Bank Account_Rural_Male,%_Mobile Bank Account_Rural_Female,%_Mobile Bank Account_Urban,%_Mobile Bank Account_Urban_Male,%_Mobile Bank Account_Urban_Female,# Overall_Ethnic Population,# Male _Ethnic Population,% Male_Ethnic Population,# Female_Ethnic Population,% Female_Ethnic Population ,# Overall_Bangladeshi_National,% Overall_Bangladeshi_National,# Male_Bangladeshi_National,% Male_Bangladeshi_National,# Female_Bangladeshi_National,% Female_Bangladeshi_National,# Hizra_Bangladeshi_National,% Hizra_Bangladeshi_National,Number_Returned_Migrant,Percent_Returned_Migrant,Household by Type of Dwelling_# of HH,Household by Type of Dwelling_# Rural HH,Household by Type of Dwelling_# of Urban HH,Household by Type of Dwelling_# of HH excluding slum and floating,Household by Type of Dwelling_# of HH excluding slum and floating_rural,Household by Type of Dwelling_# of HH excluding slum and floating_urban,Household by Type of Dwelling_# of Slum HH  ,Household by Type of Dwelling_# of Slum HH _rural,Household by Type of Dwelling_# of Slum HH _urban,Household by Type of Dwelling_# of Floating  HH  ,Household by Type of Dwelling_# of Floating  HH _rural,Household by Type of Dwelling_# of Floating HH _urban,type of HH_# of HH,type of HH_# Rural HH,type of HH_# of Urban HH,type of HH_# of General HH,type of HH_# of General HH_Rural,type of HH_# of General HH_Urban,type of HH_# of Institutional Household,type of HH_# of Institutional Household_Rural,type of HH_# of Institutional Household_Urban,type of HH_# of Other Household,type of HH_# of Other Household_Rural,type of HH_# of Other Household_Urban,Household by Wall Material_#Wall_Total,Household by Wall Material_#Wall_Cement/Concrete/Brick/Terracotta,Household by Wall Material_#Wall_Ceramic Tiles,Household by Wall Material_#Wall_Metal sheet/CI sheet/Corrugated Iron she,Household by Wall Material_#Wall_Wood/Bamboo/Mat/Palm Tree/Betal Nut Trun,Household by Wall Material_#Wall_Straw/ Chhan/Golpata/Palm Leaf/Bichali/P,Household by Wall Material_#Wall_Soil/ Mud,Household by Wall Material_#Wall_Other Materials,Household by Wall Material_# No Wall,Household by Wall Material_Cement/Concrete/Brick/Terracotta_Wall_%,Household by Wall Material_Ceramic Tiles_Wall_%,Household by Wall Material_Metal sheet/CI sheet/Corrugated Iron sheet_Wal,Household by Wall Material_Wood/Bamboo/Mat/Palm Tree/Betal Nut Trunk_Wall,Household by Wall Material_Straw/ Chhan/Golpata/Palm Leaf/Bichali/Polythe,Household by Wall Material_Soil/ Mud_Wall_%,Household by Wall Material_Other Materials__Wall_%,Household by Wall Material_No wall %,Household by Roof Material_# roof_Total,Household by Roof Material_# roof_Cement/Concrete/Tile,Household by Roof Material_# roof_Metal Sheet/ CI Sheet/Corrugated Iron S,Household by Roof Material_# roof_Wood/Bamboo/Bichali/Golpata Palm Leaf/P,Household by Roof Material_# roof_Hand-made Tiles/Tile,Household by Roof Material_# roof_Other Materials,Household by Roof Material_# No Roof,Household by Roof Material_Cement/Concrete/Tile_roof_%,Household by Roof Material_Metal Sheet/ CI Sheet/Corrugated Iron Sheet_ro,Household by Roof Material_Wood/Bamboo/Bichali/Golpata Palm Leaf/Polythen,Household by Roof Material_Hand-made Tiles/Tile_roof_%,Household by Roof Material_Other Materials_roof_%,Household by Roof Material_No_roof_%,Household by Floor Material_# floor_Total,Household by Floor Material_# floor_Cement/Concrete/Brick/Terracotta,Household by Floor Material_# floor_Tiles/Mosaic,Household by Floor Material_# floor_Wood/Bamboo/Mat/Palm Tree/Betel Nut T,Household by Floor Material_# floor_Soil/Sand/Mud,Household by Floor Material_# floor_Other Materials,Household by Floor Material_Cement/Concrete/Brick/Terracotta_floor_%,Household by Floor Material_Tiles/Mosaic_floor_%,Household by Floor Material_Wood/Bamboo/Mat/Palm Tree/Betel Nut Trunk_flo,Household by Floor Material_Soil/Sand/Mud_floor_%,Household by Floor Material_Other Materials_floor_%,Household by Structure_#_Total ,Household by Structure_#_Pucca,Household by Structure_#_Semi-pucca,Household by Structure_#_Kancha,Household by Structure_#_Jhupri,Household by Structure_Total_%,Household by Structure_Pucca_%,Household by Structure_Semi-pucca_%,Household by Structure_Kancha_%,Household by Structure_Jhupri_%,Household by Ownership Status_Own dwelling unit_%,Household by Ownership Status_Rented but having own dwelling unit elsewhere_%,Household by Ownership Status_Rented and having no own dwelling unit_%,Household by Ownership Status_Rent free but having own dwelling unit elsewhere_%,Household by Ownership Status_Rent free and having no own dwelling unit elsewhere_%,Main Source of Drinking Water_Tap/pipe (Supply)_%,Main Source of Drinking Water_Tube-well (Deep/Shallow)_%,Main Source of Drinking Water_Bottled/Jar Water_%,Main Source of Drinking Water_Well_%,Main Source of Drinking Water_Pond/River/Canal/Lake_%,Main Source of Drinking Water_Spring_%,Main Source of Drinking Water_Rain Water_%,Main Source of Drinking Water_Others_%,Toilet Facilities_Safe Disposal with Flushing/ Pouring Water_%,Toilet Facilities_Safe Disposal with Flushing/ Pouring Water_%2,Toilet Facilities_Safe Disposal with Flushing/ Pouring Water_%3,"Toilet Facilities_Pit Latrine 
Without 
Slab/ Open_%
Pit",Toilet Facilities_Raw/Open/ Hanging Latrine (Permanent/ Temporary)_%,Toilet Facilities_Open Defecation/ No Latrine Available_%,Type of Toilet Use_Toilet_Not-Toilet_Shared_%,Type of Toilet Use_Toilet_Shared_%,Type of Toilet Use_Rural_Toilet_Not-Toilet_Shared_%,Type of Toilet Use_Rural_Toilet_Shared_%,Type of Toilet Use_urban_Toilet_Not-Toilet_Shared_%,Type of Toilet Use_urban_Toilet_Shared_%,Handwashing Facilities_Soap & Water_%,Handwashing Facilities_Only Soap_%,Handwashing Facilities_Only Water_%,Handwashing Facilities_No Separate Arrangement_%,Main Source of Electricity_National Grid_%,Main Source of Electricity_Solar Power_%,Main Source of Electricity_Others_%,Main Source of Electricity_No Electricity Connection_%,Main Source of Cooking Fuel_Straw/ Leaf/ Bran/ Husk_%,Main Source of Cooking Fuel_Wood/ Chalk/ Chopped Wood_%,Main Source of Cooking Fuel_Wood-coal/ Charcoal/ Dried Dung_%,Main Source of Cooking Fuel_Kerosene/ Paraffin_%,Main Source of Cooking Fuel_Petrol/ Diesel_%,Main Source of Cooking Fuel_Electricty_% ,Main Source of Cooking Fuel_Supply Gas_%,Main Source of Cooking Fuel_ LP Gas_%,Main Source of Cooking Fuel_Biogas_%,Main Source of Cooking Fuel_Others_%,Foreign Remittance Recipient_Total_HH #,Foreign Remittance Recipient_Rural_HH #,Foreign Remittance Recipient_Urban_HH #,Number of Person & Avg HH Size_Total_HH #,Number of Person & Avg HH Size_# of HH with 1-Person,Number of Person & Avg HH Size_# of HH with 2-Person,Number of Person & Avg HH Size_# of HH with 3-Person,Number of Person & Avg HH Size_# of HH with 4-Person,Number of Person & Avg HH Size_# of HH with 5-Person,Number of Person & Avg HH Size_# of HH with 6-Person,Number of Person & Avg HH Size_# of HH with 7-Person,Number of Person & Avg HH Size_# of HH with 8-Person,Number of Person & Avg HH Size_# of HH with 9-Person ,Number of Person & Avg HH Size_# of HH with 10-Person ,Number of Person & Avg HH Size_# of HH with 10-Person +,Number of Person & Avg HH Size_Average Household Size
Barishal,Barguna,10,4,255390,1010531,254895,1008695,451,1789,44,47,552,255346,1010484,253388,992721,286,12095,1672,5668,1010531,494738,515723,70,1008695,493836,514789,70,1789,871,918,0,47,31,16,0,1010531,494738,515723,70,779670,381325,398327,18,230861,113413,117396,52,1010484,992721,12095,5668,98.24,1.2,0.56,779660,769326,7517,2817,98.67,0.96,0.36,230824,223395,4578,2851,96.78,1.98,1.24,833901,404669,429232,205259,125054,80205,575209,272294,302915,46590,5379,41211,3363,890,2473,3480,1052,2428,937495,457588,479907,69481,34436,35045,252,117,135,3185,2564,621,48,33,15,1.1,95.93,53.44,312.12,-0.11,95.73,54.23,317.13,7.17,96.61,50.83,295.91,23206,667,8330,1524,3974,1620,868,1345,303,199,248,2807,1321,80.02,81.5,78.61,78.64,80.12,77.23,84.67,86.11,83.28,80.65,82.28,79.1,79.3,80.94,77.74,85.21,86.78,83.72,80.33,84.3,84.98,91.76,52.63,81.77,87.65,89.22,96.32,60.71,78.97,81.02,81.68,72.16,30,130250,118524,36873,35510,45231,42483,32379,29852,12031,8386,3736,2293,921567,449669,471898,276918,241102,35816,305415,29789,275626,18436,13489,4947,320798,165289,155509,276918,241102,35816,149065,132440,16625,59936,53276,6660,50621,43986,6635,17296,11400,5896,276918,241102,35816,136245,112834,23411,26881,25318,1563,113792,102950,10842,35.95,15.71,53.38,36.96,16.24,55.01,32.67,13.98,48.22,25.44,15.23,35.17,26.39,15.83,36.58,22.38,13.27,30.73,49.01,16.39,73.73,50.11,16.81,75.58,45.45,14.97,67.88,57.69,66.85,48.95,56.65,66.3,47.48,61.17,68.69,53.95,71.39,83.87,59.87,70.07,83.13,58.03,75.85,86.35,66.08,24.37,31.25,17.82,22.32,29.05,15.93,31.26,38.6,24.22,29.12,38.1,20.82,26.63,35.4,18.55,37.49,47.14,28.5,23.91,30.45,17.88,22.13,28.19,16.55,29.93,38.03,22.39,45.23,58.29,33.17,44.5,57.34,32.67,47.69,61.45,34.88,1137,555,48.81,582,51.19,1144674,0.69,569422,0.7,575180,0.69,72,0.89,2196,0.47,255390,196814,58576,254895,196804,58091,451,0,451,44,10,34,255346,196804,58542,253388,195865,57523,286,164,122,1672,775,897,253388,42420,568,196608,8960,1000,3674,106,52,16.74,0.22,77.59,3.54,0.39,1.45,0.04,0.02,253388,21310,228275,3485,67,101,150,8.41,90.09,1.38,0.03,0.04,0.06,253388,45257,3350,7651,196953,177,17.86,1.32,3.02,77.73,0.07,253388,19783,17311,214105,2189,100,7.81,6.83,84.5,0.86,93.96,4.58,0.63,0.3,0.54,3.17,87.7,0.32,0.05,6.07,0,2.67,0.02,28.29,9.66,55.57,5.08,1.3,0.09,90.09,9.91,89.86,10.14,90.87,9.13,60.59,1.71,27.28,10.41,98.41,0.69,0.16,0.75,2.69,88.31,4.48,0.01,0.01,0.04,0,4.4,0.02,0.04,12017,9197,2820,253388,10598,37618,57097,68828,43330,20901,8395,3499,1583,772,767,3.92
Khulna,Bagerhat,40,1,408840,1613076,406058,1603126,2605,9763,177,187,407,408663,1612889,406373,1582590,534,23705,1756,6594,1613076,802314,810691,71,1603126,797464,805592,70,9763,4724,5038,1,187,126,61,0,1613076,802314,810691,71,1227890,611466,616379,45,385186,190848,194312,26,1612889,1582590,23705,6594,98.12,1.47,0.41,1227793,1207533,16788,3472,98.35,1.37,0.28,385096,375057,6917,3122,97.39,1.8,0.81,1333254,659593,673661,335700,211486,124214,900137,434774,465363,82488,8733,73755,6944,1956,4988,7985,2644,5341,1342772,665650,677122,264222,133701,130521,5890,2880,3010,81,50,31,40,33,7,0.79,98.97,50.65,321.41,-0.37,99.2,50.77,321.85,6.04,98.22,50.25,320.04,26728,847,9948,2489,3018,2305,1826,1572,95,204,231,2779,1414,80.74,81.71,79.79,80.51,81.57,79.47,81.48,82.18,80.8,81.42,82.49,80.37,81.17,82.31,80.03,82.23,83.05,81.44,80.8,84.41,81.16,91.78,86.11,81.35,87.84,83.55,95.56,83.87,80.27,80.91,78.88,85.71,100,195106,180346,57420,55533,63910,62357,46866,43270,20774,15103,6136,4083,1469573,729574,739999,491975,426882,65093,456934,28373,428561,26458,19525,6933,494206,254794,239412,491975,426882,65093,278034,246814,31220,121598,109310,12288,70597,59064,11533,21746,11694,10052,491975,426882,65093,247483,207196,40287,61042,54570,6472,183450,165116,18334,35.66,13.89,55.29,35.77,13.92,55.8,35.32,13.78,53.79,27.01,14.85,38.71,27,14.74,38.98,27.05,15.18,37.92,44.95,12.78,72.01,45.26,12.97,72.9,44,12.2,69.41,57.46,67.73,47.35,56.82,67.52,46.25,59.51,68.41,50.82,70.15,83.28,57.45,69.24,82.8,56.06,73.08,84.81,61.86,23.97,31.68,16.36,22.66,30.52,14.9,28.14,35.41,21.03,28.58,38.26,19.21,26.97,36.77,17.46,33.76,43.11,24.82,25.84,32.1,19.77,25.14,31.37,19.09,28.07,34.48,21.95,40.4,53,28.2,40.12,52.86,27.76,41.28,53.48,29.62,1046,568,54.3,478,45.7,1779804,1.08,889266,1.09,890448,1.07,90,1.11,2949,0.63,408840,310839,98001,406058,310554,95504,2605,196,2409,177,89,88,408663,310750,97913,406373,309484,96889,534,372,162,1756,894,862,406373,114737,1142,205153,75433,6639,3078,102,89,28.23,0.28,50.48,18.56,1.63,0.76,0.03,0.02,406373,49646,341133,15370,118,50,56,12.22,83.95,3.78,0.03,0.01,0.01,406373,113360,8357,4573,280032,51,27.9,2.06,1.13,68.91,0.01,406373,46964,52435,295670,11304,100,11.56,12.9,72.76,2.78,91.57,4.86,1.4,0.62,1.56,3.7,53.08,4.46,0.03,21.99,0,16.74,0.01,36.39,10.46,46.67,4.63,1.7,0.15,87.32,12.68,88.21,11.79,84.48,15.52,69.54,3.61,17.24,9.61,97.85,0.97,0.15,1.03,1.37,82.91,8.15,0.01,0,0.11,0,7.41,0.04,0.01,13393,9102,4291,406373,19185,57195,96057,109638,68442,32081,12933,5722,2560,1324,1236,3.89
Barishal,Barishal,10,6,629626,2570446,620735,2537292,8160,31338,731,1816,923,628895,2568630,620299,2496625,853,42695,7743,29310,2570446,1255436,1314935,75,2537292,1238533,1298689,70,31338,15875,15458,5,1816,1028,788,0,2570446,1255436,1314935,75,1793382,864628,928728,26,777064,390808,386207,49,2568630,2496625,42695,29310,97.2,1.66,1.14,1792392,1763334,19812,9246,98.38,1.11,0.52,776238,733291,22883,20064,94.47,2.95,2.58,2095254,1010521,1084733,611465,370590,240875,1347377,622966,724411,124697,13260,111437,5487,1659,3828,6228,2046,4182,2283658,1111897,1171761,275258,137929,137329,11138,5437,5701,253,129,124,64,44,20,0.89,95.48,55.35,326.79,-0.06,93.1,58.22,340.51,3.59,101.19,49.1,296.3,34625,1490,11133,3480,3928,3419,2324,1761,193,380,443,4551,1523,79.21,80.05,78.41,76.76,77.36,76.2,84.8,85.92,83.67,79.85,80.81,78.94,77.4,78.12,76.74,85.43,86.64,84.21,79.51,82.25,87.19,80.87,65.52,80.2,85.17,88.81,84.87,77.5,78.86,79.34,85.69,76.58,38.89,353956,337827,103182,97289,115490,114752,84637,85669,38828,31784,11819,8333,2334868,1134790,1200078,696011,601647,94364,672158,38437,633721,45160,32551,12609,921539,462155,459384,696011,601647,94364,399070,352518,46552,170340,153302,17038,95310,79114,16196,31291,16713,14578,696011,601647,94364,273449,217853,55596,89878,84865,5013,332684,298929,33755,33.17,14.35,49.36,35.21,15.59,51.59,28.87,11.86,44.47,23.23,14.62,31.36,24.42,15.72,32.52,20.47,12.13,28.59,44.6,14,68.23,48.44,15.4,72.5,37.32,11.57,59.51,57.73,65.49,50.39,55.44,63.74,47.82,62.96,69.32,56.55,72.49,83.43,62.49,69.96,81.73,59.52,78.2,87.05,69.51,26.37,33.01,20.09,22.19,28.52,16.37,35.93,42.82,28.99,32.44,41.36,24.29,27.41,35.94,19.85,43.75,52.89,34.77,26.29,32.53,20.59,23.17,28.65,18.32,33.3,40.8,25.94,42.03,53.76,31.31,40.23,51.41,30.34,46.07,58.78,33.6,843,479,56.82,364,43.18,3741221,2.27,1882997,2.3,1858097,2.23,127,1.56,6098,1.31,629626,438899,190727,620735,437901,182834,8160,696,7464,731,302,429,628895,438597,190298,620299,435645,184654,853,425,428,7743,2527,5216,620299,207674,2890,369151,32092,2817,5069,338,268,33.48,0.47,59.51,5.17,0.45,0.82,0.05,0.04,620299,126802,481208,11475,250,246,318,20.44,77.58,1.85,0.04,0.04,0.05,620299,200560,24506,26967,367505,761,32.33,3.95,4.35,59.25,0.12,620299,120577,66960,425206,7556,100,19.44,10.79,68.55,1.22,85.91,10.25,2.48,0.46,0.9,5.41,93.72,0.12,0.03,0.71,0,0,0.01,45.8,11.72,35.5,4.98,1.73,0.27,82.88,17.12,83.45,16.55,81.54,18.46,71.14,1.95,18.69,8.23,98.42,0.96,0.12,0.5,5.03,78.08,2.75,0.02,0.02,0.06,0,13.88,0.06,0.1,35831,26117,9714,620299,28014,82321,135271,165285,110132,54039,23613,10535,5289,2819,2981,4.02
Barishal,Bhola,10,9,449057,1932518,448944,1932138,74,339,39,41,568,449018,1932477,446146,1904358,430,18358,2442,9761,1932518,946629,985815,74,1932138,946436,985628,74,339,159,180,0,41,34,7,0,1932518,946629,985815,74,1398177,681289,716864,24,534341,265340,268951,50,1932477,1904358,18358,9761,98.54,0.95,0.51,1398164,1383208,9353,5603,98.93,0.67,0.4,534313,521150,9005,4158,97.54,1.69,0.78,1504847,727850,776997,420436,255045,165391,1017371,464335,553036,61478,6909,54569,2793,669,2124,2769,892,1877,1876690,918642,958048,55532,27863,27669,103,51,52,93,52,41,26,21,5,0.75,96.03,65.59,425.22,-0.82,95.04,66.81,433.31,6.99,98.66,62.5,404.2,25933,1116,8145,2459,3012,2496,1295,1138,148,316,366,3525,1917,66.46,66.29,66.63,64.39,63.91,64.83,71.86,72.31,71.41,67.3,67.24,67.35,65.26,64.91,65.58,72.58,73.13,72.04,66.9,79.81,83.51,82.05,60.87,66.72,83.26,91.67,84.78,63.16,67.08,76.34,75.51,78.13,50,251412,239439,81924,80723,91426,92863,52544,51535,19203,10976,6315,3342,1710803,833369,877434,530565,465190,65375,514759,17643,497116,24211,19178,5033,641268,331358,309910,530565,465190,65375,310375,285552,24823,112084,98943,13141,85026,70404,14622,23080,10291,12789,530565,465190,65375,261896,210677,51219,55640,53999,1641,213029,200514,12515,39.61,12.53,61.35,40.87,13.11,62.89,36.36,11.06,57.29,29.14,13.9,43.08,30.51,14.74,44.75,25.59,11.81,38.66,51.9,10.64,80.24,53.05,10.88,81.76,48.94,10.03,76.3,51.8,60.91,43.16,50.67,59.98,41.93,54.76,63.28,46.4,67.59,80.68,55.59,66.25,79.64,54.13,71.02,83.28,59.41,21.41,28.21,14.95,18.88,25.39,12.78,27.98,35.39,20.71,26.36,35.77,17.74,23.49,32.54,15.31,33.75,43.89,24.14,23.16,29.42,17.42,21.16,26.75,16.11,28.28,36.1,20.88,35.81,47.84,24.78,34.47,45.94,24.09,39.24,52.59,26.6,773,379,49.03,394,50.97,2474134,1.5,1246089,1.52,1227951,1.47,94,1.16,4343,0.93,449057,327021,122036,448944,326965,121979,74,44,30,39,12,27,449018,327009,122009,446146,325350,120796,430,239,191,2442,1420,1022,446146,102785,1074,333877,5162,912,2090,96,150,23.04,0.24,74.84,1.16,0.2,0.47,0.02,0.03,446146,42345,399551,3870,111,105,164,9.49,89.56,0.87,0.02,0.02,0.04,446146,94552,6917,7251,337110,316,21.19,1.55,1.63,75.56,0.07,446146,38072,46986,358699,2389,100,8.53,10.53,80.4,0.54,95.24,2.67,0.77,0.26,1.06,0.7,98.21,0.11,0.1,0.85,0,0,0.03,30.13,15.9,44.04,6.62,2.71,0.6,87.96,12.04,87.94,12.06,88.02,11.98,45.08,2.25,40.01,12.67,91.16,6.97,0.57,1.3,3.28,89.68,1.86,0.02,0.01,0.05,1.11,3.86,0.03,0.1,24978,16999,7979,446146,12200,48261,89014,118802,92260,46329,20396,9347,4588,2375,2574,4.27
Barishal,Jhalokati,10,42,162401,661160,162212,660520,143,588,46,52,935,162355,661108,160925,647167,226,10348,1204,3593,661160,316628,344503,29,660520,316321,344170,29,588,267,321,0,52,40,12,0,661160,316628,344503,29,477057,226825,250221,11,184103,89803,94282,18,661108,647167,10348,3593,97.89,1.57,0.54,477031,471039,4185,1807,98.74,0.88,0.38,184077,176128,6163,1786,95.68,3.35,0.97,539266,254432,284834,151035,91991,59044,346436,156539,189897,37561,4530,33031,2057,647,1410,2177,725,1452,599593,285967,313626,61352,30570,30782,146,70,76,32,15,17,8,6,2,-0.28,91.91,56.13,328.03,-1.59,90.65,57,333.26,4.42,95.25,53.94,314.71,15373,481,5502,1292,2080,1102,833,897,167,203,206,1974,636,82.61,83.44,81.86,81.39,82.15,80.71,85.76,86.67,84.89,83.21,84.15,82.35,81.98,82.86,81.19,86.38,87.38,85.43,83.06,84.55,93.94,73.33,100,83.83,87.02,93.75,93.33,100,82.37,82.11,94.12,53.33,100,91945,86357,26161,24965,30899,28677,23800,23252,8556,7541,2529,1922,599733,285494,314239,164770,142252,22518,186312,11242,175070,17264,11688,5576,231387,120312,111075,164770,142252,22518,94416,83744,10672,40003,35695,4308,22680,18794,3886,7671,4019,3652,164770,142252,22518,55376,41587,13789,13580,12827,753,95814,87838,7976,33.19,14.73,48.41,34.22,15.37,49.32,30.61,13.23,46.02,21,13.37,28.25,21.88,14.21,28.85,18.8,11.44,26.62,48.51,16.78,70.3,49.62,17.06,71.8,45.68,16.08,66.45,59.09,64.95,53.76,58.2,64.39,52.66,61.38,66.36,56.66,73.88,82.9,66.06,72.64,81.98,64.65,77.11,85.24,69.8,24.56,30.26,19.39,21.84,27.36,16.9,31.61,37.54,25.99,29.83,37.64,23.07,26.68,34.2,20.26,38.04,46.36,30.55,27.29,33.46,21.94,24.82,30.67,19.82,33.72,40.54,27.58,45.07,56.32,35.31,44.83,56.02,35.27,45.68,57.09,35.42,203,98,48.28,105,51.72,768999,0.47,377530,0.46,391435,0.47,34,0.42,1815,0.39,162401,117222,45179,162212,117165,45047,143,35,108,46,22,24,162355,117200,45155,160925,116497,44428,226,134,92,1204,569,635,160925,53725,372,91515,13247,607,1353,52,54,33.39,0.23,56.87,8.23,0.38,0.84,0.03,0.03,160925,31172,126755,2872,49,31,46,19.37,78.77,1.78,0.03,0.02,0.03,160925,48015,4893,3129,104806,82,29.84,3.04,1.94,65.13,0.05,160925,28971,16715,113331,1908,100,18,10.39,70.42,1.19,90.84,7.01,1.12,0.54,0.5,1.65,94.86,0.1,0.04,3.34,0,0,0,42.15,12.2,39.32,4.58,1.58,0.18,90.65,9.35,90.69,9.31,90.55,9.45,70.85,1.2,18.74,9.22,98.73,0.19,0.04,1.04,4.26,85.49,2.02,0,0,0.06,0,8.08,0.04,0.04,11423,7841,3582,160925,8485,21968,34540,41357,27852,14052,6339,3084,1529,815,904,4.02
Chattogram,Bandarban,20,3,106155,481106,106065,481016,0,0,90,90,107,106065,481016,102289,450692,395,20157,3381,10167,481106,246947,234146,13,481016,246885,234118,13,0,0,0,0,90,62,28,0,481106,246947,234146,13,286687,144657,142020,10,194419,102290,92126,3,481016,450692,20157,10167,93.7,4.19,2.11,286657,277077,6195,3385,96.66,2.16,1.18,194359,173615,13962,6782,89.33,7.18,3.49,370468,190298,180170,124454,72710,51744,224704,113549,111155,16989,2819,14170,1766,474,1292,2555,746,1809,253749,132622,121127,16500,8734,7766,47053,23569,23484,142053,71094,70959,21738,10928,10810,1.9,105.47,62.25,437.76,-0.04,101.86,66.68,474.7,5.87,111.03,56.13,384.53,7357,209,2241,830,1148,627,256,574,77,113,98,890,294,62.75,67.66,57.54,54.03,59.32,48.66,75.3,79.13,71,63.74,68.97,58.22,54.99,60.65,49.25,76.18,80.22,71.64,73.03,83.71,58.33,51.98,27.42,75.33,87.25,66.9,59.78,39.47,70.49,79.71,49.78,44.22,15.37,65206,59915,22461,20612,21900,21037,13181,12860,5515,4215,2149,1191,426433,219227,207206,169060,130799,38261,95751,5351,90400,5226,3853,1373,156396,79224,77172,169060,130799,38261,84066,70330,13736,28936,23340,5596,51001,34497,16504,5057,2632,2425,169060,130799,38261,97092,68133,28959,8766,7924,842,63202,54742,8460,30.44,10.97,49.49,33.09,12.81,52.17,26.96,8.67,45.81,25.7,13.53,37.75,29.63,16.57,42.16,20.67,9.78,31.9,35.83,8.02,62.7,36.95,8.53,63.14,34.33,7.36,62.08,49.59,60.55,37.99,44.55,56.89,31.99,56.85,65.58,47.08,65.85,80.38,50.49,59.69,76.51,42.7,74.49,85.53,62.05,23.06,31.07,14.6,15.58,22.36,8.69,33.84,43.03,23.55,29.54,40.16,18.3,20.43,29.62,11.15,42.3,54.17,28.91,23.07,29.06,16.73,15.2,19.64,10.72,34.1,41.6,25.64,35.05,46.44,23.01,29.31,39.73,18.79,43.09,55.34,29.28,197983,99197,50.1,98786,49.9,467216,0.28,236095,0.29,231109,0.28,12,0.15,868,0.19,106155,63320,42835,106065,63290,42775,0,0,0,90,30,60,106065,63290,42775,102289,62108,40181,395,176,219,3381,1006,2375,102289,21028,156,14574,44117,845,21506,45,18,20.56,0.15,14.25,43.13,0.83,21.02,0.04,0.02,102289,7402,79513,15165,129,52,28,7.24,77.73,14.83,0.13,0.05,0.03,102289,26648,1606,33890,40088,57,26.05,1.57,33.13,39.19,0.06,102289,7160,12667,81809,653,100,7,12.38,79.98,0.64,86.01,8,2.67,1.27,2.06,11.93,55.86,0.53,10.35,4.86,16.21,0.23,0.03,23.4,13.5,19.41,10.53,12.95,20.21,78.21,21.79,77.64,22.36,78.89,21.11,34.88,1.28,31.81,32.03,52.62,35.56,0.59,11.23,0.44,79.69,3.19,0.03,0.03,0.05,0,16.42,0.04,0.11,4106,2100,2006,102289,3946,11000,19346,24439,19101,11876,6089,3115,1536,860,981,4.41
Barishal,Patuakhali,10,78,424743,1727254,424241,1725503,375,1615,127,136,536,424616,1727118,420639,1687450,671,28019,3306,11649,1727254,843375,883843,36,1725503,842504,882963,36,1615,786,829,0,136,85,51,0,1727254,843375,883843,36,1405625,684279,721334,12,321629,159096,162509,24,1727118,1687450,28019,11649,97.7,1.62,0.67,1405567,1379729,20306,5532,98.16,1.44,0.39,321551,307721,7713,6117,95.7,2.4,1.9,1399530,675591,723939,361492,218392,143100,953996,445931,508065,76163,8888,67275,3657,1129,2528,4222,1251,2971,1617121,787844,829277,107551,53793,53758,313,145,168,1305,704,601,928,889,39,1.04,95.42,57.32,344.72,0.47,94.86,58.23,349.28,4.14,97.9,53.45,325.22,24409,1027,8225,2433,3061,2513,1491,1187,132,206,265,2677,1192,75.93,77.69,74.26,74.44,76.13,72.85,82.39,84.37,80.46,76.7,78.64,74.87,75.24,77.11,73.5,83.02,85.15,80.95,76.39,80.81,92.98,77.35,99.14,78.16,84.85,92.42,82.47,99.32,74.74,76.78,93.46,71.43,94.74,227736,209114,66055,62959,78771,75841,53434,49884,22495,16124,6981,4306,1561522,759017,802505,474934,410216,64718,494482,39579,454903,26566,19151,7415,565540,290071,275469,474934,410216,64718,259979,230890,29089,108965,96510,12455,79498,66986,12512,26492,15830,10662,474934,410216,64718,228629,185670,42959,49192,46919,2273,197113,177627,19486,35.7,13.69,54.16,36.58,14.01,55.5,31.93,12.32,48.46,26.27,14.25,37.37,27.1,14.74,38.46,22.62,12.1,32.51,46.87,12.94,72.28,47.98,13.03,74.18,42.34,12.61,64.51,56.36,65.75,47.47,55.37,65.17,46.17,60.62,68.21,53.25,70.93,83.96,59.03,69.78,83.36,57.46,75.91,86.49,65.93,20.94,28.19,14.08,18.88,25.98,12.21,29.89,37.66,22.34,25.68,35.27,16.91,23.19,32.56,14.69,36.39,46.71,26.67,24.8,31.95,18.27,23.48,30.18,17.41,30.48,39.42,22.05,40.09,53.56,27.78,39.13,52.46,27.03,44.24,58.2,31.07,1114,623,55.92,491,44.08,2031604,1.23,1012278,1.24,1019278,1.22,48,0.59,3306,0.71,424743,345436,79307,424241,345362,78879,375,19,356,127,55,72,424616,345381,79235,420639,343295,77344,671,487,184,3306,1599,1707,420639,84103,790,323849,6703,1356,3650,114,74,19.99,0.19,76.99,1.59,0.32,0.87,0.03,0.02,420639,45212,370576,4496,115,154,86,10.75,88.1,1.07,0.03,0.04,0.02,420639,80397,7000,9815,323127,300,19.11,1.66,2.33,76.82,0.07,420639,41150,29773,347191,2525,100,9.78,7.08,82.54,0.6,93.27,5.03,0.71,0.35,0.64,3.21,96.47,0.09,0.03,0.19,0,0,0.01,35.01,13.24,45.13,4.91,1.48,0.23,88.74,11.26,88.66,11.34,89.1,10.9,60.33,1.76,28.99,8.92,96.61,2.55,0.19,0.65,3.43,87.48,3.14,0.01,0.01,0.08,0,5.82,0.02,0.04,9027,7139,1888,420639,18391,59868,91046,109474,74242,36824,16023,7300,3618,1918,1935,4.01
Barishal,Pirojpur,10,79,298490,1198195,298394,1198069,11,35,85,91,938,298405,1198104,295515,1171839,377,17791,2513,8474,1198195,582810,615344,41,1198069,582725,615303,41,35,20,15,0,91,65,26,0,1198195,582810,615344,41,958849,463621,495206,22,239346,119189,120138,19,1198104,1171839,17791,8474,97.81,1.48,0.71,958822,943314,10693,4815,98.38,1.12,0.5,239282,228525,7098,3659,95.5,2.97,1.53,979535,471365,508170,263397,162315,101082,647795,300066,347729,60694,6538,54156,3763,1088,2675,3886,1358,2528,1016985,493353,523632,180980,89347,91633,120,61,59,39,21,18,30,28,2,0.65,94.71,55.95,327.54,0.27,93.62,57.06,332.12,2.4,99.21,51.66,309.55,18527,701,6247,1655,2032,1805,1274,1047,98,211,256,2120,1081,84.86,85.23,84.51,84.16,84.41,83.92,87.65,88.39,86.92,85.53,86.01,85.09,84.83,85.2,84.49,88.33,89.14,87.53,85.27,86.93,89.81,94.59,83.33,85.3,89.74,85.19,90,89.29,85.24,84.21,94.44,100,0,156107,146550,46254,44522,53798,51179,37386,36520,14365,11397,4304,2932,1088987,527588,561399,325239,280739,44500,340529,25401,315128,22508,15847,6661,400711,205601,195110,325239,280739,44500,178318,158321,19997,80595,72401,8194,48900,39825,9075,17426,10192,7234,325239,280739,44500,140146,111181,28965,37017,35582,1435,148076,133976,14100,35.34,15.11,52.8,36.37,15.68,53.9,31.48,13.06,48.46,25.06,14.97,34.68,25.94,15.66,35.55,21.72,12.47,31.2,47.65,15.31,72.39,48.91,15.72,73.87,42.97,13.85,66.68,58.18,65.83,51,57.07,65.11,49.61,62.63,68.61,56.71,72.69,83.53,62.87,71.38,82.75,61.21,77.9,86.5,69.66,24.58,31,18.56,22.28,28.53,16.48,33.78,40.5,27.12,29.96,38.53,22.18,27.22,35.59,19.75,40.79,49.81,32.16,24.71,30.95,19.05,22.65,28.52,17.41,32.86,40.26,25.77,44.19,56.04,33.44,43.32,55.14,32.76,47.61,59.51,36.21,120,62,51.67,58,48.33,1362517,0.83,674286,0.82,688188,0.83,43,0.53,3210,0.69,298490,238575,59915,298394,238552,59842,11,0,11,85,23,62,298405,238552,59853,295515,237013,58502,377,268,109,2513,1271,1242,295515,72027,776,173145,44779,1666,2676,226,220,24.37,0.26,58.59,15.15,0.56,0.91,0.08,0.07,295515,39107,248826,6954,169,187,272,13.23,84.2,2.35,0.06,0.06,0.09,295515,78998,5628,8182,202404,303,26.73,1.9,2.77,68.49,0.1,295515,37124,29354,224499,4538,100,12.56,9.93,75.97,1.54,92.65,5.64,0.85,0.35,0.5,7.05,74.06,0.71,0.23,11.17,0,6.75,0.02,43.23,10.83,39.08,5.1,1.57,0.18,87.6,12.4,87.4,12.6,88.39,11.61,73.48,2.69,17.23,6.6,98.67,0.29,0.23,0.81,2.75,86.6,4.78,0.01,0,0.05,0,5.68,0.06,0.06,20674,16336,4338,295515,14246,40853,65605,78452,51463,24759,10758,4914,2278,1110,1077,3.97
Chattogram,Brahmanbaria,20,12,712578,3306563,710222,3297762,1715,8132,641,669,1758,711937,3305894,705570,3227902,1221,56963,5146,21029,3306563,1538262,1768145,156,3297762,1533738,1763868,156,8132,3956,4176,0,669,568,101,0,3306563,1538262,1768145,156,2624685,1212231,1412363,91,681878,326031,355782,65,3305894,3227902,56963,21029,97.64,1.72,0.64,2624511,2578331,34509,11671,98.24,1.31,0.44,681383,649571,22454,9358,95.33,3.3,1.37,2507584,1129912,1377672,829872,474659,355213,1521723,638490,883233,141114,12853,128261,7723,1882,5841,7152,2028,5124,3084488,1429418,1655070,220958,108280,112678,507,241,266,405,287,118,49,36,13,1.35,87,72.39,422.74,0.83,85.83,74.29,434.78,3.72,91.64,65.45,377.54,45538,2058,14261,4106,5208,5367,2675,2232,347,567,485,6540,1692,70.91,70.31,71.42,69.35,68.51,70.06,76.82,76.86,76.78,72.12,71.74,72.44,70.58,69.96,71.08,77.94,78.16,77.74,72.15,71.68,91.3,92.86,83.33,71.52,74.33,90.37,96.01,88.89,72.67,69.17,92.15,84.31,66.67,437307,479777,163532,159382,161887,178405,78745,110413,25731,24735,7412,6842,2916025,1340548,1575477,755015,636204,118811,849413,37912,811501,43326,35327,7999,1268271,631105,637166,755015,636204,118811,401372,352321,49051,188831,165273,23558,119342,95801,23541,45470,22809,22661,755015,636204,118811,312854,229018,83836,93324,89127,4197,348837,318059,30778,41.7,20.19,57.32,43.33,21.75,58.61,35.68,14.79,52.34,31.64,21.21,40.03,33.23,22.99,41.25,25.76,15.04,35.26,54.59,18.68,77.44,56.34,19.93,78.92,48.22,14.44,71.78,49.48,55.3,44.53,48.28,54.34,43.2,54.04,58.77,49.76,67.63,78.51,59.07,66.22,77.52,57.48,72.89,82.01,65.21,38.4,41.97,35.37,37.21,40.64,34.33,42.94,46.8,39.45,47.99,54.56,42.82,46.68,53.11,41.7,52.9,59.73,47.15,23.4,26.46,20.99,22.05,24.77,19.95,28.44,32.45,25.06,31.55,38.82,25.83,30.76,37.58,25.49,34.49,43.22,27.14,672,339,50.45,333,49.55,3658930,2.22,1732401,2.12,1926361,2.31,168,2.07,21488,4.6,712578,562991,149587,710222,562347,147875,1715,473,1242,641,171,470,711937,562820,149117,705570,559301,146269,1221,770,451,5146,2749,2397,705570,251416,3041,429889,1488,334,19173,182,47,35.63,0.43,60.93,0.21,0.05,2.72,0.03,0.01,705570,162083,541049,1969,130,211,128,22.97,76.68,0.28,0.02,0.03,0.02,705570,370918,40880,1193,291927,652,52.57,5.79,0.17,41.37,0.09,705570,158814,88825,457265,666,100,22.51,12.59,64.81,0.09,89.03,7.18,2.16,0.63,1,0.31,99.55,0.04,0.03,0.05,0,0,0.01,53.66,18.29,21.32,4.44,1.92,0.37,75.16,24.84,74.75,25.25,76.71,23.29,59.17,1.38,29.03,10.42,99.44,0.17,0.06,0.32,8.53,60.76,7.12,0.01,0.01,0.04,12.58,10.77,0.09,0.09,236366,192635,43731,705570,25708,74121,125423,158206,133910,84043,46351,24717,13555,7929,11607,4.57
Chattogram,Chandpur,20,13,635431,2635748,632177,2623013,3113,12572,141,163,1602,635290,2635585,630386,2580728,837,40945,4067,13912,2635748,1229413,1406255,80,2623013,1223175,1399758,80,12572,6127,6445,0,163,111,52,0,2635748,1229413,1406255,80,1944520,897260,1047210,50,691228,332153,359045,30,2635585,2580728,40945,13912,97.92,1.55,0.53,1944514,1915011,23852,5651,98.48,1.23,0.29,691071,665717,17093,8261,96.33,2.47,1.2,2090383,950683,1139700,626660,372375,254285,1333406,565059,768347,118018,10070,107948,6804,1461,5343,5495,1718,3777,2488360,1157636,1330724,146519,71361,75158,416,213,203,209,121,88,164,82,82,0.77,87.42,61.28,354.16,-0.16,85.68,62.35,360.79,4.1,92.51,58.33,335.37,35518,1791,11455,3769,4166,3359,1953,1613,161,578,539,4794,1340,77.25,77.27,77.24,76.21,75.99,76.41,80.15,80.67,79.68,78.23,78.45,78.03,77.21,77.2,77.21,81.06,81.76,80.43,78.24,77.95,87.31,86.39,76.22,78.3,80.73,90.77,87.39,81.94,78.19,75.34,83.77,85,70.42,345474,351271,113216,109653,122144,124088,75878,90608,26492,21419,7744,5503,2363224,1090965,1272259,627766,544409,83357,739763,26287,713476,33179,27778,5401,962516,492491,470025,627766,544409,83357,379411,344644,34767,136144,120073,16071,82496,65835,16661,29715,13857,15858,627766,544409,83357,251826,192124,59702,82374,80064,2310,293566,272221,21345,40.32,18.65,56.44,41.35,19.39,57.34,37.43,16.68,53.83,27.84,18.6,35.58,28.61,19.38,36.18,25.67,16.46,33.82,55.02,18.72,78.48,56.48,19.39,79.85,50.97,16.98,74.54,55.92,60.53,51.97,55.18,59.65,51.43,57.99,62.86,53.54,72.15,80.59,65.34,71.15,79.47,64.62,74.91,83.54,67.46,36.68,40.41,33.48,35.88,39.29,33.02,38.91,43.41,34.79,45.22,51.58,40.1,44.18,50.11,39.53,48.13,55.48,41.78,25.31,28.53,22.72,24.33,26.95,22.26,28.07,32.7,24.07,41.69,49.39,35.48,41.63,48.64,36.11,41.86,51.38,33.65,2863,1422,49.67,1441,50.33,3236992,1.96,1561973,1.91,1674923,2.01,96,1.18,13805,2.96,635431,469713,165718,632177,469475,162702,3113,232,2881,141,6,135,635290,469707,165583,630386,467486,162900,837,488,349,4067,1733,2334,630386,202216,2177,417168,4873,403,3337,133,79,32.08,0.35,66.18,0.77,0.06,0.53,0.02,0.01,630386,149711,476146,4174,109,145,101,23.75,75.53,0.66,0.02,0.02,0.02,630386,236334,27085,10173,355848,946,37.49,4.3,1.61,56.45,0.15,630386,146430,53333,428493,2130,100,23.23,8.46,67.97,0.34,92.08,5.34,1.37,0.34,0.88,8.05,90.74,0.16,0.04,0.99,0,0,0.03,65.13,11,21.38,1.8,0.5,0.18,84.5,15.5,85,15,83.08,16.92,72.57,1.27,20.31,5.85,98.76,0.82,0.06,0.36,5.74,78.97,1.75,0.01,0.01,0.03,9.64,3.71,0.08,0.06,153319,122150,31169,630386,25171,81377,135423,164108,118041,57072,24759,11709,5825,3109,3792,4.09
Rajshahi,Bogura,50,10,1025200,3734297,1023144,3727663,1781,6333,275,301,1288,1024925,3733996,1018752,3651917,1069,55335,5104,26744,3734297,1853102,1880861,334,3727663,1849787,1877558,318,6333,3092,3226,15,301,223,77,1,3734297,1853102,1880861,334,2772943,1366942,1405793,208,961354,486160,475068,126,3733996,3651917,55335,26744,97.8,1.48,0.72,2772811,2743670,22477,6664,98.95,0.81,0.24,961185,908247,32858,20080,94.49,3.42,2.09,3121302,1537210,1584092,753634,475014,278620,2147671,1033817,1113854,186363,17798,168565,21430,6243,15187,12204,4338,7866,3515831,1742853,1772978,216649,109530,107119,828,386,442,201,111,90,454,222,232,0.83,98.52,47.5,285.94,0.14,97.24,48.48,291.34,3.2,102.33,44.71,270.66,55926,1766,20088,5778,7100,4716,3971,3366,286,692,602,5519,2042,72.15,74.94,69.42,68.8,71.65,66.05,81.76,84.11,79.35,72.55,75.53,69.65,69.18,72.23,66.25,82.21,84.7,79.68,72.65,70.96,89.07,82.78,56.93,75.47,76.43,87.82,90.82,63.82,69.91,65.39,90.12,73.17,50.24,485847,412834,130848,123733,159399,147848,122273,95635,56051,35654,17276,9964,3430098,1697428,1732670,1129241,982363,146878,1131304,93054,1038250,51347,38471,12876,1118206,583540,534666,1129241,982363,146878,609802,535224,74578,253227,226693,26534,215031,189610,25421,51181,30836,20345,1129241,982363,146878,539076,452649,86427,133576,122147,11429,456589,407567,49022,34.13,11.43,55.32,36.49,12.48,58.32,28.14,8.85,47.33,26.06,11.22,41,28.07,12.25,43.7,20.8,8.63,33.68,43.46,11.68,70.62,46.37,12.79,74.12,36.27,9.1,61.49,56.88,70.04,43.98,54.48,69.23,40.23,63.78,72.3,55.08,68.81,85.58,52.84,65.81,84.58,48.24,77.43,88.38,66.47,26.4,34.82,18.14,22.74,31.09,14.68,36.89,45.23,28.36,30.71,41.15,20.75,26.49,36.79,16.84,42.83,53.28,32.37,25.86,32.76,19.28,23.35,29.95,17.18,33.05,40.58,25.51,42.68,58.56,27.56,40.74,56.85,25.66,48.25,63.3,33.19,5994,2979,49.7,3015,50.3,3964959,2.4,1980546,2.42,1984033,2.38,380,4.68,7939,1.7,1025200,770699,254501,1023144,770292,252852,1781,283,1498,275,124,151,1024925,770575,254350,1018752,768433,250319,1069,567,502,5104,1575,3529,1018752,447269,3213,351859,2425,575,212997,301,113,43.9,0.32,34.54,0.24,0.06,20.91,0.03,0.01,1018752,148951,865574,3102,471,243,411,14.62,84.96,0.3,0.05,0.02,0.04,1018752,346373,24547,3426,643681,725,34,2.41,0.34,63.18,0.07,1018752,134960,201039,682040,713,100,13.25,19.73,66.95,0.07,90.91,6.05,1.3,0.44,1.29,1.39,98.57,0.02,0,0.01,0,0,0.01,58.48,10.5,22.97,3.43,3.32,1.29,69.28,30.72,67.8,32.2,73.74,26.26,74.84,1.86,12.91,10.4,98.42,0.68,0.12,0.78,27.39,53.65,4.58,0.01,0,0.07,4.2,9.97,0.07,0.05,55243,45976,9267,1018752,57982,186783,267958,275240,137589,56821,20326,8277,3923,1947,1906,3.58
Chattogram,Chattogram,20,15,2143909,9169465,2060469,8865328,81435,301975,2005,2162,1736,2141904,9167303,2080394,8813087,2930,167610,58580,186606,9169465,4570113,4598926,426,8865328,4414152,4450854,322,301975,154157,147714,104,2162,1804,358,0,9169465,4570113,4598926,426,4284249,2087996,2196137,116,4885216,2482117,2402789,310,9167303,8813087,167610,186606,96.14,1.83,2.04,4284056,4163331,74567,46158,97.18,1.74,1.08,4883247,4649756,93043,140448,95.22,1.91,2.88,7439895,3680047,3759848,2558424,1561275,997149,4470853,2081778,2389075,367089,28959,338130,19073,3310,15763,24456,4725,19731,8025722,4001496,4024226,982568,489004,493564,8096,4143,3953,149773,73772,76001,2880,1698,1182,1.65,99.37,50.57,320.76,-0.36,95.08,58.35,363.07,3.89,103.3,44.35,285.91,95133,4903,25766,12584,8390,7852,4427,3162,351,1348,1302,13569,11479,80.21,81.87,78.56,77.31,78.98,75.75,82.7,84.26,81.1,81.06,82.88,79.26,78.22,80.09,76.46,83.48,85.15,81.77,80.68,82.98,88.4,87.9,77.4,82.36,85.72,90.23,90.92,81.41,79.01,80.28,86.49,85,71.53,1284557,1179277,364836,344982,420190,394725,296395,300516,153913,110160,49223,28894,8306021,4128373,4177648,2856140,2343903,512237,2072656,49080,2023576,102151,82631,19520,3275074,1652759,1622315,2856140,2343903,512237,2077147,1695336,381811,533102,486161,46941,171028,127995,43033,74863,34411,40452,2856140,2343903,512237,498725,354800,143925,820753,612148,208605,1536662,1376955,159707,30.38,12.16,46.62,34,13.4,52.25,27.39,11.13,41.92,21.96,13.42,30.05,23.58,14.37,32.42,20.49,12.56,27.93,39.23,10.74,62.99,46.08,12.18,73.47,34.06,9.68,54.87,61.07,67.32,54.9,56.42,63.14,50.1,65.08,70.76,59.22,77.07,85.98,68.5,73.07,83.36,63.78,80.36,88.01,72.61,41.72,48.05,35.46,36.31,42.43,30.55,46.38,52.67,39.89,50.82,59.54,42.43,45.56,54.54,37.45,55.15,63.41,46.76,30.22,36.59,24.09,27.35,33.03,22.22,32.57,39.34,25.71,35.21,46.71,24.15,30.56,41.22,20.93,39.04,50.96,26.95,48245,25165,52.16,23080,47.84,7934348,4.8,3895742,4.77,4038340,4.84,266,3.27,30445,6.52,2143909,948952,1194957,2060469,945844,1114625,81435,2949,78486,2005,159,1846,2141904,948793,1193111,2080394,936785,1143609,2930,1295,1635,58580,10713,47867,2080394,1320222,22049,358537,185026,3227,188291,2317,725,63.46,1.06,17.23,8.89,0.16,9.05,0.11,0.03,2080394,926593,1110754,37648,2264,2061,1074,44.54,53.39,1.81,0.11,0.1,0.05,2080394,1198434,206473,41824,629525,4138,57.61,9.92,2.01,30.26,0.2,2080394,904803,369755,784788,21048,100,43.49,17.77,37.72,1.01,64.26,29.11,4.89,0.66,1.08,29.61,69.13,0.91,0.12,0.15,0.02,0,0.07,67.35,13.91,14.48,2.41,1.49,0.36,76.98,23.02,78.87,21.13,75.44,24.56,75.05,1.44,15.02,8.49,95.99,3.18,0.28,0.55,2.11,42.89,3.3,0.03,0.03,0.15,31.97,19.24,0.12,0.15,354531,215856,138675,2080394,77301,251565,426957,552115,383041,190640,87978,44943,24934,15625,25295,4.24
Chattogram,Cumilla,20,19,587114,2823268,583875,2810784,2977,12217,262,267,1133,586852,2823001,576730,2740161,765,50879,9357,31961,2823268,1434622,1388563,83,2810784,1428245,1382456,83,12217,6170,6047,0,267,207,60,0,6212216,2900371,3311580,265,4942936,2280842,2661959,135,1269280,619529,649621,130,6211763,6017180,134265,60318,96.87,2.16,0.97,4942740,4831593,76896,34251,97.75,1.56,0.69,1269023,1185587,57369,26067,93.43,4.52,2.05,4855865,2204678,2651187,1500621,884341,616280,3062842,1291322,1771520,261805,22032,239773,16331,3115,13216,14266,3868,10398,5936146,2766441,3169705,269206,130529,138677,628,346,282,5801,2932,2869,170,123,47,1.27,87.58,63.42,369.41,0.74,85.68,64.86,378.15,3.67,95.37,58.06,335.22,72269,3957,22974,8271,7183,8072,3890,2901,266,967,854,9921,3013,75.77,76.47,75.16,74.39,74.95,73.92,81.06,81.93,80.24,76.68,77.62,75.88,75.31,76.14,74.63,81.89,82.91,80.93,76.58,78.56,82.47,86.14,80.75,77.4,81.79,84.21,90.26,80.67,75.89,75.56,80.31,81.98,80.95,863105,868968,291729,278958,305557,307311,182902,215553,64233,52698,18684,14448,5541410,2558398,2983012,1485704,1251334,234370,1649523,65312,1584211,69429,58448,10981,2336754,1183304,1153450,1485704,1251334,234370,882436,773404,109032,337519,294755,42764,189212,147251,41961,76537,35924,40613,1485704,1251334,234370,554398,402910,151488,205870,187096,18774,725436,661328,64108,39.01,17.03,55.52,40.47,17.94,56.88,33.55,13.92,50.11,27.31,17.22,35.89,28.29,18.08,36.77,23.57,14.08,32.32,53.02,16.77,76.46,55.28,17.73,78.45,44.88,13.72,68.65,54.27,59.44,49.84,53.38,58.67,48.95,57.7,62.23,53.42,71.42,81.09,63.7,70.29,80.27,62.54,75.78,84.03,68.43,40.25,44.23,36.85,39.14,42.9,35.99,44.54,49.01,40.32,50.29,57.4,44.62,48.97,55.86,43.63,55.35,62.88,48.63,27,31.53,23.38,25.63,29.65,22.51,32.24,38.19,26.93,35.53,44.52,28.34,34.24,42.79,27.61,40.45,50.68,31.32,2044,1159,56.7,885,43.3,7114612,4.31,3374448,4.13,3739880,4.49,284,3.5,39139,8.39,1407368,1120495,286873,1401154,1117643,283511,5821,2684,3137,393,168,225,1406975,1120327,286648,1391245,1111373,279872,2748,1667,1081,12982,7287,5695,1391245,547946,10191,794982,14323,1060,21891,572,280,39.39,0.73,57.14,1.03,0.08,1.57,0.04,0.02,1391245,359741,1016402,13494,494,567,547,25.86,73.06,0.97,0.04,0.04,0.04,1391245,663264,88436,38938,598270,2337,47.67,6.36,2.8,43,0.17,1391245,351096,192980,839768,7401,100,25.24,13.87,60.36,0.53,88.85,9,1.36,0.33,0.45,6.12,93.43,0.12,0.04,0.25,0,0,0.04,64.54,12.38,20.54,1.66,0.65,0.22,81.39,18.61,81.58,18.42,80.65,19.35,72.77,1.41,19.78,6.03,99.34,0.12,0.28,0.25,8.6,64.7,3.11,0.01,0.02,0.03,18.39,4.9,0.11,0.14,441125,375176,65949,1391245,49724,162759,277882,343946,263585,141406,69068,35168,19597,11548,16562,4.33
Chattogram,Cox's Bazar,20,22,1407368,6212216,1401154,6187287,5821,24476,393,453,1974,1406975,6211763,1391245,6017180,2748,134265,12982,60318,6212216,2900371,3311580,265,6187287,2887842,3299183,262,24476,12195,12279,2,453,334,118,1,2823268,1434622,1388563,83,1591629,800009,791593,27,1231639,634613,596970,56,2823001,2740161,50879,31961,97.07,1.8,1.13,1591575,1563038,18211,10326,98.21,1.14,0.65,1231426,1177123,32668,21635,95.59,2.65,1.76,2151899,1089601,1062298,800700,482051,318649,1252938,597532,655406,81785,7121,74664,7006,951,6055,9470,1946,7524,2669896,1356290,1313606,108165,55384,52781,2006,1035,971,42304,21369,20935,814,544,270,1.86,103.32,63.79,460.91,-1.05,101.06,66.39,473.52,8.03,106.31,60.56,444.62,40279,1434,12938,4336,4523,3520,1374,1793,274,594,564,6203,2726,70.58,71.39,69.75,68.72,68.98,68.47,72.96,74.38,71.45,71.58,72.51,70.62,69.76,70.13,69.38,73.91,75.45,72.26,71.43,74.59,92.23,71.41,76.1,72.2,77.36,95.17,76.78,81.8,70.64,71.7,89.03,65.97,63.6,404637,396278,137755,132463,139210,142626,83012,91806,33506,23199,11154,6184,2475197,1256202,1218995,804779,697653,107126,624446,23171,601275,29086,23725,5361,1016886,511653,505233,804779,697653,107126,521048,473734,47314,165333,144605,20728,82952,62479,20473,35446,16835,18611,804779,697653,107126,312306,239631,72675,91190,87511,3679,401283,370511,30772,35.76,13.22,57.1,36.74,13.81,57.98,34.5,12.49,55.95,28.94,15.57,42.03,29.76,16.3,42.83,27.86,14.61,40.97,43.98,10.28,74.65,45.52,10.51,76.07,42.12,10.01,72.85,49.63,60.05,38.89,47.5,58.27,36.67,52.36,62.26,41.82,66.59,80.79,52.12,64.31,79.4,49.42,69.46,82.49,55.62,28.82,37.15,20.24,25.55,33.42,17.65,33,41.8,23.65,37.42,48.83,25.8,33.33,44.33,22.47,42.57,54.27,30.14,22.4,28.3,16.39,19.63,24.58,14.74,25.88,32.79,18.55,33.69,45.62,21.53,30.78,41.92,19.79,37.34,50.1,23.78,14881,7654,51.43,7227,48.57,2874001,1.74,1453849,1.78,1420040,1.7,112,1.38,8592,1.84,587114,328765,258349,583875,328417,255458,2977,295,2682,262,53,209,586852,328712,258140,576730,325698,251032,765,415,350,9357,2599,6758,576730,219520,2011,80162,116269,7988,149897,662,221,38.06,0.35,13.9,20.16,1.39,25.99,0.11,0.04,576730,92203,395854,86592,592,838,651,15.99,68.64,15.01,0.1,0.15,0.11,576730,222037,17033,21456,315395,809,38.5,2.95,3.72,54.69,0.14,576730,86560,106977,337115,46078,100,15.01,18.55,58.45,7.99,88.88,5.52,1.34,0.6,3.67,0.61,97.64,0.79,0.63,0.14,0.11,0,0.08,41.32,19.53,20.79,8.41,7.95,1.99,73.31,26.69,72.79,27.21,73.97,26.03,47.65,2.05,32.85,17.45,88.96,7.01,0.63,3.4,1.7,56.91,8.4,0.03,0.02,0.05,0,32.71,0.08,0.1,63899,37277,26622,576730,13186,45519,93464,131308,123430,82125,42456,20631,10345,5886,8380,4.75
Chattogram,Feni,20,30,377164,1648896,370036,1623262,6737,25233,391,401,1665,376773,1648495,370079,1589784,694,37621,6000,21090,1648896,780436,868416,44,1623262,766557,856665,40,25233,13522,11707,4,401,357,44,0,1648896,780436,868416,44,1159666,537401,622243,22,489230,243035,246173,22,1648495,1589784,37621,21090,96.44,2.28,1.28,1159580,1132693,19201,7686,97.68,1.66,0.66,488915,457091,18420,13404,93.49,3.77,2.74,1317520,610164,707356,431978,264999,166979,806365,338693,467672,72834,5149,67685,3282,516,2766,3061,807,2254,1556655,735204,821451,91158,44536,46622,178,112,66,713,459,254,148,125,23,1.22,89.87,59.46,334.68,0.12,86.37,60.94,340.48,4.53,98.73,56.05,320.67,20508,913,6324,2648,1635,1757,1292,743,77,251,254,3564,1050,79.84,81.4,78.46,78.44,80.19,76.96,83.14,84.03,82.26,80.79,82.58,79.21,79.41,81.44,77.71,84.02,85.05,83.01,80.59,84.04,93.21,87.46,70,82.3,86.98,94.23,88.48,67.77,79.09,81.25,91.38,85.53,84.21,244690,222954,73070,69103,84492,77309,59073,58147,22165,14788,5890,3607,1486881,697989,788892,383936,334491,49445,457150,14731,442419,19126,17023,2103,626669,331744,294925,383936,334491,49445,235802,215071,20731,88668,79194,9474,41231,31186,10045,18235,9040,9195,383936,334491,49445,110440,75681,34759,56655,54793,1862,216841,204017,12824,36.92,15.55,55.05,39.26,17.17,56.86,31.72,12.3,50.62,24.21,14.4,33.68,25.82,15.92,34.78,20.68,11.41,31.01,52.12,17.15,77.46,55.1,18.88,79.89,45.33,13.58,71.45,56.87,61.43,52.84,55.94,60.84,51.8,59.06,62.71,55.47,73.61,82.26,66.46,72.21,81.58,64.84,76.94,83.74,70.61,41.51,45.47,38.01,40.15,44.21,36.72,44.7,48.2,41.26,52.03,59.07,46.21,50.1,57.41,44.36,56.59,62.66,50.93,29.65,34.71,25.47,28.11,32.93,24.33,33.31,38.57,28.41,35.25,46.45,25.99,34.24,45.32,25.53,37.64,48.88,27.17,906,583,64.35,323,35.65,1754201,1.06,834896,1.02,919260,1.1,45,0.55,10334,2.21,377164,264877,112287,370036,263712,106324,6737,1079,5658,391,86,305,376773,264791,111982,370079,262188,107891,694,373,321,6000,2230,3770,370079,198823,2622,140631,20737,599,6133,331,203,53.72,0.71,38,5.6,0.16,1.66,0.09,0.05,370079,137332,225262,6837,195,229,224,37.11,60.87,1.85,0.05,0.06,0.06,370079,189281,29796,19487,130674,841,51.15,8.05,5.27,35.31,0.23,370079,133845,59868,172169,4197,100,36.17,16.18,46.52,1.13,84.14,13.74,1.32,0.36,0.45,10.49,88.27,0.23,0.2,0.65,0,0,0.15,64.32,12.83,18.01,3.05,1.41,0.37,78.15,21.85,76.92,23.08,81.14,18.86,75.73,1.59,15.23,7.45,99.4,0.19,0.17,0.24,7.32,63.28,4.81,0.02,0.02,0.06,18.65,5.6,0.13,0.11,125270,96221,29049,370079,12683,40323,77612,97458,70209,34454,16034,8629,4895,3029,4753,4.3
Chattogram,Khagrachhari,20,46,169526,714119,169240,713226,203,810,83,83,260,169443,714036,166710,690804,330,15007,2403,8225,714119,357521,356564,34,713226,357044,356148,34,810,417,393,0,83,60,23,0,714119,357521,356564,34,416013,207388,208611,14,298106,150133,147953,20,714036,690804,15007,8225,96.75,2.1,1.15,415996,407215,5872,2909,97.89,1.41,0.7,298040,283589,9135,5316,95.15,3.07,1.78,569117,283859,285258,167612,98311,69301,365519,179620,185899,30573,4338,26235,2012,497,1515,3401,1093,2308,332663,168674,163989,119703,59125,60578,4407,2234,2173,256593,127133,129460,719,355,364,1.34,100.27,55.79,375.31,0.39,99.41,57.52,384.48,2.87,101.47,53.45,362.82,11709,312,4156,1363,1562,1091,521,771,76,188,135,1063,471,71.2,76.28,66.11,66.85,72.62,61.14,77.24,81.3,73.11,71.8,77.2,66.41,67.43,73.57,61.37,77.85,82.16,73.48,77.45,64.92,75.49,67.85,55.74,80.8,72.11,83.04,74.84,59.03,74,57.99,67.78,61.03,52.43,94603,91313,30960,30078,31446,31471,20971,21694,8376,6114,2850,1956,640987,320543,320444,226831,189864,36967,177586,6788,170798,15112,10679,4433,221458,113212,108246,226831,189864,36967,121501,102863,18638,44789,38765,6024,52980,44376,8604,7561,3860,3701,226831,189864,36967,115287,91530,23757,10080,9141,939,101464,89193,12271,35.31,14.09,54.84,37.08,15.53,56.91,32.97,12.19,52.09,27.53,16.04,38.23,29.65,17.86,40.69,24.76,13.64,35.04,43.83,11.93,72.79,45.11,12.96,74.14,42.1,10.56,70.96,56.19,65.94,46.45,53.62,64.35,43,59.77,68.12,51.29,71.54,84.3,58.91,68.48,82.51,54.73,75.74,86.73,64.73,23.95,32.44,15.45,18.86,26.57,11.23,31.03,40.51,21.4,29.7,40.66,18.86,23.52,33.47,13.78,38.19,50.42,25.93,20.98,26.51,15.51,15.34,19.75,11.01,28.74,35.7,21.77,38.99,51.28,26.82,36.39,48.02,24.99,42.56,55.71,29.37,349390,172669,49.42,176721,50.58,724208,0.44,360905,0.44,363275,0.44,28,0.34,1149,0.25,169526,99903,69623,169240,99792,69448,203,94,109,83,17,66,169443,99886,69557,166710,98991,67719,330,167,163,2403,728,1675,166710,34380,164,31419,55617,365,44668,67,30,20.62,0.1,18.85,33.36,0.22,26.79,0.04,0.02,166710,7624,151039,7935,39,40,33,4.57,90.6,4.76,0.02,0.02,0.02,166710,54865,2164,9370,100218,93,32.91,1.3,5.62,60.12,0.06,166710,7170,25504,133796,240,100,4.3,15.3,80.26,0.14,90.63,5.23,1.72,0.81,1.6,1.06,80.06,0.07,15.47,0.35,2.9,0.05,0.04,27.68,11.78,34.8,14.85,8.25,2.64,87.11,12.89,87.77,12.23,86.15,13.85,44.72,0.88,28.94,25.46,50.88,39.68,1.41,8.03,0.36,88.11,1.4,0.02,0.01,0.07,0,9.89,0.06,0.08,5192,2269,2923,166710,6425,18739,35642,45646,30801,15938,7119,3220,1555,782,843,4.14
Chattogram,Lakshmipur,20,51,459344,1937948,459236,1937589,0,0,108,359,1345,459236,1937589,454884,1894560,595,28939,3757,14090,1937948,913099,1024763,86,1937589,912925,1024578,86,0,0,0,0,359,174,185,0,1937948,913099,1024763,86,1455469,680059,775367,43,482479,233040,249396,43,1937589,1894560,28939,14090,97.78,1.49,0.73,1455120,1432052,16339,6729,98.41,1.12,0.46,482469,462508,12600,7361,95.86,2.61,1.53,1506481,692394,814087,453265,271749,181516,963172,411779,551393,80927,6683,74244,4795,886,3909,4322,1297,3025,1875706,882547,993159,61844,30366,31478,150,78,72,141,91,50,21,17,4,1.01,89.1,65.16,398.51,-0.07,87.71,66.15,406.31,5.39,93.44,62.24,374.83,25474,1190,8419,2678,2606,2444,1415,1072,119,447,462,3326,1296,72.96,72.7,73.19,71.36,70.66,71.96,77.75,78.57,77,73.98,73.87,74.08,72.42,71.88,72.88,78.64,79.58,77.78,73.6,84.82,77.44,92.06,80.95,73.35,87.9,80,89.29,88.24,73.82,81.86,74.6,97.62,50,253021,252632,87429,84460,91344,92907,51936,59305,17216,12456,5096,3504,1718261,801290,916971,469749,410845,58904,548920,15084,533836,23922,20439,3483,675670,354922,320748,469749,410845,58904,286128,263066,23062,92737,80859,11878,69293,57073,12220,21591,9847,11744,469749,410845,58904,196221,150713,45508,54121,52692,1429,219407,207440,11967,42.16,17.73,60.75,43.17,18.25,61.8,39.13,16.23,57.49,31.38,18.86,42.09,32.55,19.57,43.46,27.82,16.78,37.79,55.15,16.15,80.87,56.04,16.39,81.72,52.51,15.47,78.29,53.66,59.17,48.85,52.94,58.44,48.22,55.83,61.25,50.82,70.51,80.2,62.57,69.59,79.28,61.79,73.28,82.85,64.97,33.25,37.06,29.92,31.72,35.16,28.76,37.82,42.51,33.49,41.82,48.3,36.5,40.1,46.05,35.3,46.94,54.71,40.2,24.77,28.42,21.78,23.5,26.67,20.94,28.58,33.43,24.37,37.71,45.83,31.06,36.83,44.32,30.8,40.34,50.13,31.85,150,89,59.33,61,40.67,2142191,1.3,1029932,1.26,1112173,1.33,86,1.06,9835,2.11,459344,346158,113186,459236,346060,113176,0,0,0,108,98,10,459236,346060,113176,454884,343872,111012,595,360,235,3757,1828,1929,454884,144081,1443,303925,2793,716,1823,65,38,31.67,0.32,66.81,0.61,0.16,0.4,0.01,0.01,454884,101977,350475,2254,55,58,65,22.42,77.05,0.5,0.01,0.01,0.01,454884,152710,17485,2451,281929,309,33.57,3.84,0.54,61.98,0.07,454884,99129,40574,313852,1329,100,21.79,8.92,69,0.29,93.75,3.54,0.93,0.35,1.43,4.93,94.66,0.07,0.02,0.28,0,0,0.04,57.15,10.87,28.48,2.43,0.84,0.23,87.07,12.93,86.9,13.1,87.6,12.4,64.49,1.5,24,10.02,97.86,1.24,0.12,0.79,3.96,87.53,1.72,0.01,0,0.01,3.2,3.52,0.02,0.03,108389,84404,23985,454884,17109,55448,96031,115864,87125,44239,19940,9234,4622,2511,2761,4.16
Khulna,Chuadanga,40,18,326714,1234054,325365,1229386,1282,4590,67,78,1051,326647,1233976,325441,1219036,272,10646,934,4294,1234054,607636,626355,63,1229386,605333,623991,62,4590,2242,2347,1,78,61,17,0,1234054,607636,626355,63,933263,460241,473007,15,300791,147395,153348,48,1233976,1219036,10646,4294,98.79,0.86,0.35,933245,925339,6632,1274,99.15,0.71,0.14,300731,293697,4014,3020,97.66,1.33,1,1035361,506358,529003,240561,149280,91281,728576,349140,379436,56399,5080,51319,6379,1810,4569,3446,1048,2398,1204554,592873,611681,27804,13962,13842,1605,785,820,18,10,8,10,6,4,0.79,97.01,46.81,283.37,1.12,97.3,47.28,285.11,-0.16,96.12,45.38,278.06,22978,519,9291,1708,2447,1706,2191,1175,83,285,201,2007,1365,70.43,71.17,69.72,68.29,68.84,67.76,77.07,78.45,75.75,71.2,72.05,70.38,69.07,69.72,68.46,77.79,79.34,76.31,71.2,71.39,68.89,82.35,44.44,71.99,74.87,68.11,88.89,66.67,70.44,67.87,69.65,75,0,143073,129701,38470,37545,50969,50133,34158,29924,14882,9290,4594,2809,1132828,556258,576570,402203,362269,39934,378141,8672,369469,10839,8318,2521,341645,176999,164646,402203,362269,39934,209859,192300,17559,83732,76299,7433,98147,89666,8481,10465,4004,6461,402203,362269,39934,247390,219247,28143,22879,21862,1017,131934,121160,10774,36.67,10.28,60.52,37.36,10.23,62.19,34.58,10.43,55.57,28.7,11.58,44.99,29.56,11.67,46.76,26,11.28,39.61,45.61,8.74,77.03,46.18,8.51,78.79,43.9,9.44,71.93,52.31,67.91,37.26,50.24,67.09,33.92,58.75,70.48,47.56,63.5,83.25,44.92,60.99,82.3,40.89,71.27,86.21,57.32,24.18,32.8,15.86,21.87,30.42,13.6,31.33,40.25,22.81,28.53,39.25,18.44,25.84,36.45,15.83,36.87,47.98,26.48,22.25,28.76,16.12,20.57,26.8,14.69,27.44,34.87,20.5,35.97,50.55,22.26,34.86,49.55,20.99,39.43,53.63,26.16,707,355,50.21,352,49.79,1298545,0.79,644402,0.79,654071,0.78,72,0.89,2685,0.58,326714,248154,78560,325365,247620,77745,1282,524,758,67,10,57,326647,248144,78503,325441,247630,77811,272,178,94,934,336,598,325441,235575,802,50251,7669,517,30339,202,86,72.39,0.25,15.44,2.36,0.16,9.32,0.06,0.03,325441,147285,174688,2472,807,99,90,45.26,53.68,0.76,0.25,0.03,0.03,325441,158688,8404,1811,156340,198,48.76,2.58,0.56,48.04,0.06,325441,116084,43056,165327,974,100,35.67,13.23,50.8,0.3,95.04,2.86,0.64,0.34,1.11,2.64,97.15,0.16,0,0.01,0,0,0.04,55.78,11.17,20.14,5.01,7.28,0.62,73.63,26.37,72.27,27.73,77.95,22.05,69.83,3.97,13.42,12.77,99.26,0.05,0.12,0.57,15.24,68.62,9.45,0.01,0,0.1,0,6.42,0.09,0.06,21607,17420,4187,325441,13258,53128,82645,91103,49384,22099,8040,3152,1403,652,577,3.75
Chattogram,Noakhali,20,75,776070,3625442,771263,3605124,4441,19792,366,526,984,775704,3624916,766850,3541700,931,51464,7923,31752,3625442,1731152,1894170,120,3605124,1721019,1883987,118,19792,9755,10036,1,526,378,147,1,3625442,1731152,1894170,120,2972712,1409639,1563004,69,652730,321513,331166,51,3624916,3541700,51464,31752,97.7,1.42,0.88,2972460,2924377,31437,16646,98.38,1.06,0.56,652456,617323,20027,15106,94.62,3.07,2.32,2802038,1309303,1492735,904088,540699,363389,1737183,754380,982803,145268,11010,134258,7397,1264,6133,8102,1950,6152,3476342,1657381,1818961,147150,72821,74329,927,431,496,829,467,362,74,52,22,1.37,91.39,65.04,412.1,1.15,90.19,66.14,420.56,2.43,97.09,60.21,373.62,50769,2542,15659,5113,5192,4381,2364,1948,294,594,678,7997,4007,74.34,74.28,74.39,72.83,72.51,73.11,81.1,81.87,80.35,75.52,75.64,75.41,74.04,73.9,74.17,82.11,83.08,81.18,75.33,79.61,92.14,88.15,73.91,75.3,82.69,93.1,91.4,72,75.35,76.61,91.29,83.8,78.95,488946,479258,163092,157529,172727,173443,101054,113412,40112,27985,11961,6889,3203870,1516217,1687653,860877,745209,115668,990069,39487,950582,66309,56420,9889,1286615,675101,611514,860877,745209,115668,535911,489910,46001,173367,150233,23134,106397,82330,24067,45202,22736,22466,860877,745209,115668,358760,270584,88176,103327,100243,3084,398790,374382,24408,41.64,18.62,59.89,42.92,19.31,61.28,35.95,15.69,53.4,31.31,19.37,41.69,32.57,20.26,43.09,25.57,15.45,35,53.34,17.67,78.8,54.75,18.09,80.31,47.22,15.96,71.88,53.56,60.16,47.63,52.72,59.56,46.68,57.31,62.76,52.06,70.7,81.61,61.43,69.7,80.95,60.3,75.15,84.43,66.69,34.09,38.76,29.9,32.48,37.08,28.41,41.34,46.01,36.85,43.01,50.52,36.63,41.12,48.52,34.94,51.41,59,44.49,23.47,27.62,19.95,22.2,25.92,19.1,29.11,34.82,23.9,34.44,44.44,25.96,33.41,43.04,25.37,39.04,50.37,28.71,1004,534,53.19,470,46.81,4297331,2.6,2101894,2.57,2195304,2.63,133,1.64,17631,3.78,776070,637783,138287,771263,634704,136559,4441,2975,1466,366,104,262,775704,637679,138025,766850,632761,134089,931,622,309,7923,4296,3627,766850,225251,3456,514369,15251,1672,6016,508,327,29.37,0.45,67.08,1.99,0.22,0.78,0.07,0.04,766850,150955,602724,12254,264,361,292,19.69,78.6,1.6,0.03,0.05,0.04,766850,239803,30915,28265,466341,1526,31.27,4.03,3.69,60.81,0.2,766850,145778,69847,543638,7587,100,19.01,9.11,70.89,0.99,92.85,4.81,0.87,0.35,1.12,4.56,93.58,0.32,0.21,1.16,0,0,0.17,54.7,11.84,27.35,3.43,1.91,0.77,84.03,15.97,83.81,16.19,85.07,14.93,62.85,1.84,26.12,9.19,86.26,11.78,0.48,1.48,3.43,81.92,3.53,0.02,0.01,0.03,7.91,2.99,0.07,0.08,179444,150175,29269,766850,20583,69231,136147,184419,156891,92592,47326,24791,13956,8472,12442,4.62
Chattogram,Rangamati,20,84,153482,647586,152071,641941,1359,5593,52,52,106,153430,647534,148499,616090,390,17041,4541,14403,647586,333204,314356,26,641941,330228,311688,25,5593,2935,2657,1,52,41,11,0,647586,333204,314356,26,339602,173913,165675,14,307984,159291,148681,12,647534,616090,17041,14403,95.14,2.63,2.22,339590,328176,6739,4675,96.64,1.98,1.38,307944,287914,10302,9728,93.5,3.35,3.16,528533,272286,256247,163791,98015,65776,335683,168653,167030,25713,4484,21229,1147,320,827,2199,814,1385,234822,124764,110058,33110,17112,15998,8547,4297,4250,370784,186879,183905,297,152,145,0.74,106,50.16,329.58,-2.23,104.97,53.61,354.42,5.84,107.14,46.53,303.07,11491,277,3820,1218,1796,1001,547,995,80,170,120,1013,454,70.86,76.92,64.42,67.4,74.33,60.12,74.63,79.7,69.17,71.41,77.79,64.64,68.01,75.31,60.33,75.1,80.44,69.35,78.48,78.86,58.18,66.73,65.23,81.29,83.15,68.05,75.24,73.48,75.24,74.24,48.31,58.12,56.45,85429,79464,25659,24552,27318,26344,20151,19531,9377,7136,2924,1901,589469,303600,285869,217529,181523,36006,159445,11202,148243,12204,8747,3457,200291,102128,98163,217529,181523,36006,101092,85194,15898,44786,38441,6345,62884,52537,10347,8767,5351,3416,217529,181523,36006,123178,99670,23508,8058,6996,1062,86293,74857,11436,31.11,13.42,49.3,34.17,15.05,53.74,27.96,11.75,44.7,24.26,15.01,33.87,27.21,16.78,38.16,21.12,13.1,29.35,38.42,11.71,65.57,41.83,13.09,70.46,35.01,10.36,60.6,57.91,67.48,47.74,54.25,64.8,43.17,61.9,70.37,52.79,72.41,84.29,59.78,68.6,82.06,54.54,76.44,86.62,65.45,26.97,34.23,19.27,20.59,27.29,13.57,33.92,41.7,25.55,32.12,41.19,22.49,24.86,33.39,15.95,39.82,49.32,29.55,20.08,25.35,14.47,14.08,18.25,9.72,26.44,32.76,19.6,38,49.2,26.1,34.51,45.15,23.38,41.7,53.42,29.03,372875,187977,50.41,184898,49.59,656403,0.4,333798,0.41,322578,0.39,27,0.33,838,0.18,153482,80014,73468,152071,79984,72087,1359,18,1341,52,12,40,153430,80002,73428,148499,78508,69991,390,185,205,4541,1309,3232,148499,29503,107,23950,76502,670,17687,40,40,19.87,0.07,16.13,51.52,0.45,11.91,0.03,0.03,148499,11129,122771,14478,60,31,30,7.49,82.67,9.75,0.04,0.02,0.02,148499,45770,2369,26131,74165,64,30.82,1.6,17.6,49.94,0.04,148499,10743,16970,120242,544,100,7.23,11.43,80.97,0.37,84.88,8.08,3.57,1.15,2.33,3.44,56.88,0.16,22.09,3.04,14.19,0.18,0.01,26.31,11.4,27.65,18.82,11.76,4.07,82.21,17.79,81.71,18.29,82.76,17.24,49.73,1.31,32.45,16.51,47.54,42.84,1.89,7.73,0.44,79.39,2.55,0.04,0.01,0.57,0,16.8,0.08,0.13,4548,2082,2466,148499,5024,17199,32687,39975,26870,14370,6619,2949,1452,638,716,4.15
Dhaka,Dhaka,30,26,4035241,14734701,3822371,14040690,206900,687534,5970,6477,10067,4029271,14728224,3737085,13514349,4753,337668,287433,876207,14734701,7900035,6833989,677,14040690,7526709,6513385,596,687534,368087,319382,65,6477,5239,1222,16,14734701,7900035,6833989,677,3497484,1805956,1691263,265,11237217,6094079,5142726,412,14728224,13514349,337668,876207,91.76,2.29,5.95,3496950,3332988,66085,97877,95.31,1.89,2.8,11231274,10181361,271583,778330,90.65,2.42,6.93,12502845,6744075,5758770,3880879,2503653,1377226,8084754,4174277,3910477,448727,44604,404123,46181,11042,35139,42304,10499,31805,13980347,7501571,6478776,672218,356408,315810,63402,31437,31965,16161,9277,6884,1896,1342,554,1.79,115.6,37.08,255.02,2.21,106.78,40.15,260.54,1.67,118.5,36.15,253.21,107539,7390,26991,10382,13196,9505,7597,4351,468,1286,1815,12310,12248,84.2,85.71,82.44,80.36,82.27,78.33,85.39,86.73,83.79,84.88,86.45,83.06,81.02,83.02,78.88,86.08,87.45,84.43,84.8,85.31,95.53,97.15,85.63,86.32,87.96,96.67,97.74,85.22,83.02,82.3,94.41,96.34,86.67,1874793,1558110,449279,412324,531616,471178,428173,362924,345298,245842,120427,65842,13622744,7331728,6291016,6034237,4780285,1253952,2554393,52288,2502105,164153,123278,40875,4869961,2375877,2494084,6034237,4780285,1253952,4717723,3617442,1100281,1116747,1036866,79881,126475,91119,35356,73292,34858,38434,6034237,4780285,1253952,280609,184901,95708,1967797,1458863,508934,3785831,3136521,649310,25.44,8.89,42.49,28.64,10.02,45.06,24.44,8.57,41.6,21.13,10.21,32.65,24.77,12.28,36.23,19.97,9.62,31.4,29.06,7.75,50.57,31.91,8.02,52.3,28.16,7.67,49.96,71.16,76.85,64.54,66.29,73.79,58.27,72.67,77.74,66.6,84.69,91.12,77.15,79.63,88.79,69.91,86.23,91.79,79.52,52.98,59.44,45.45,43.07,50.95,34.65,56.04,61.93,48.99,60.97,68.53,52.1,50.35,59.92,40.19,64.21,71,56,34.63,40.4,27.86,27.15,32.24,21.74,36.92,42.75,29.86,47.85,59.59,34.08,43.69,55.14,31.53,49.13,60.88,34.92,27137,13888,51.18,13249,48.82,4819604,2.92,2418319,2.96,2401013,2.88,272,3.35,27925,5.98,4035241,1015444,3019797,3822371,1002626,2819745,206900,12303,194597,5970,515,5455,4029271,1014929,3014342,3737085,977786,2759299,4753,789,3964,287433,36354,251079,3737085,3133904,113018,468668,12433,962,4887,2291,922,83.86,3.02,12.54,0.33,0.03,0.13,0.06,0.02,3737085,2547780,1164874,15961,4114,2537,1819,68.18,31.17,0.43,0.11,0.07,0.05,3737085,2722079,842508,42645,120785,9068,72.84,22.54,1.14,3.23,0.24,3737085,2534764,714515,480307,7499,100,67.83,19.12,12.85,0.2,27.51,57.07,13.39,1.34,0.69,61.5,37.75,0.72,0.01,0.01,0,0,0.01,86.67,7.77,4.89,0.47,0.17,0.04,64.3,35.7,62.06,37.94,65.09,34.91,88.98,0.83,6.68,3.52,99.6,0.16,0.15,0.09,1.89,10.01,1.14,0.22,0.04,0.52,69.17,16.65,0.14,0.21,224944,83586,141358,3737085,244661,715735,914430,969773,504971,211944,89097,41419,20706,11208,13141,3.62
Dhaka,Faridpur,30,29,525877,2162879,523824,2156066,1756,6507,297,306,1054,525580,2162573,520916,2103804,897,41305,3767,17464,2162879,1050377,1112377,125,2156066,1046905,1109037,124,6507,3196,3310,1,306,276,30,0,2162879,1050377,1112377,125,1647486,796088,851333,65,515393,254289,261044,60,2162573,2103804,41305,17464,97.28,1.91,0.81,1647405,1621851,20005,5549,98.45,1.21,0.34,515168,481953,21300,11915,93.55,4.13,2.31,1747187,837206,909981,488385,296732,191653,1145944,528183,617761,99223,8570,90653,7279,1850,5429,6356,1871,4485,1978900,957869,1021031,182548,91875,90673,1059,495,564,61,39,22,186,99,87,1.09,94.43,56.41,345.36,0.03,93.51,58,357.71,5.71,97.41,51.53,307.01,29323,1104,10145,3044,3466,2754,1908,1710,165,369,315,3295,1048,71.34,72.31,70.43,69.15,69.89,68.46,78.26,79.77,76.8,72.13,73.27,71.08,69.93,70.83,69.11,79.04,80.73,77.41,71.73,76.22,87.8,79.63,60.47,72.62,79.58,89.95,83.33,70.33,70.91,72.83,85.89,72.22,49.38,266944,263761,82764,79233,93973,97144,57439,61827,25151,19850,7617,5707,1952283,943204,1009079,612506,535412,77094,605899,28693,577206,28644,21864,6780,705234,357235,347999,612506,535412,77094,336600,299498,37102,154820,140539,14281,95111,81754,13357,25975,13621,12354,612506,535412,77094,301793,253337,48456,55108,50723,4385,255605,231352,24253,38.03,15.04,57.1,40.22,16.16,59.88,31.49,11.8,48.55,28.93,16.35,40.34,30.89,17.79,42.57,22.91,12.08,33.29,48.26,13.41,74.36,50.85,14.1,78.04,40.76,11.45,63.48,54.34,64.79,44.58,52.62,63.84,42.25,59.76,67.7,52.08,68.47,82.81,55.53,66.44,81.83,52.73,74.81,85.81,64.49,30.03,37.04,23.49,27.65,34.65,21.17,37.56,44.39,30.96,36.21,45.55,27.79,33.43,42.78,25.1,44.91,54,36.38,25.67,30.51,21.3,23.66,28.15,19.65,31.95,37.69,26.57,36.33,48.16,25.67,34.85,46.45,24.52,40.94,53.33,29.32,6452,3339,51.75,3113,48.25,2489606,1.51,1228504,1.5,1260969,1.51,133,1.64,8550,1.83,525877,401077,124800,523824,400951,122873,1756,46,1710,297,80,217,525580,400997,124583,520916,398930,121986,897,525,372,3767,1542,2225,520916,162687,1285,348012,4369,1279,2004,1230,50,31.23,0.25,66.81,0.84,0.25,0.38,0.24,0.01,520916,68021,450413,2186,67,209,20,13.06,86.47,0.42,0.01,0.04,0,520916,246706,14227,4780,254958,245,47.36,2.73,0.92,48.94,0.05,520916,65326,84134,370288,1168,100,12.54,16.15,71.08,0.22,92.38,5.22,1.1,0.42,0.89,3.78,95.92,0.14,0.11,0.04,0,0,0.01,49.74,11.09,33.83,3.37,1.79,0.18,83.77,16.23,83.92,16.08,83.3,16.7,72.47,0.53,20.22,6.78,99.05,0.41,0.09,0.46,21.59,67.58,3.98,0,0,0.02,0,6.69,0.03,0.1,72310,58209,14101,520916,20485,68243,116558,140634,92130,44970,19478,9019,4547,2283,2569,4.04
Dhaka,Gazipur,30,33,1579781,5263450,1538435,5147129,40763,115696,583,625,2914,1579198,5262825,1515566,4983154,1682,104999,61950,174672,5263450,2736940,2526038,472,5147129,2675942,2470774,413,115696,60491,55149,56,625,507,115,3,5263450,2736940,2526038,472,1879518,948570,930849,99,3383932,1788370,1595189,373,5262825,4983154,104999,174672,94.69,2,3.32,1879468,1810023,34832,34613,96.31,1.85,1.84,3383357,3173131,70167,140059,93.79,2.07,4.14,4436178,2309909,2126269,1149941,735995,413946,3089705,1550751,1538954,154791,13777,141014,20609,4334,16275,21132,5052,16080,4971105,2585758,2385347,263468,136994,126474,26187,12850,13337,1679,1002,677,539,336,203,3.87,108.35,37.36,254.41,-2.05,101.9,44.07,281.81,10.51,112.11,33.9,240.2,38758,1790,11344,4251,3823,4040,2566,1642,100,431,518,4447,3806,80.74,82.86,78.45,77.35,79.43,75.23,82.61,84.65,80.31,81.42,83.64,79.01,77.95,80.18,75.69,83.32,85.44,80.93,81.53,78.34,91.85,92.85,77.4,83.68,81.94,92.17,94.33,83.23,79.18,74.42,91.55,90.57,66.85,574793,478678,161078,147454,184187,163600,129277,109992,76375,45978,23876,11654,4842543,2523177,2319366,2401807,1706640,695167,929444,41481,887963,47841,37209,10632,1463451,737847,725604,2401807,1706640,695167,1899388,1280319,619069,354080,321737,32343,117490,88792,28698,30849,15792,15057,2401807,1706640,695167,247041,182283,64758,1477811,953765,524046,676955,570592,106363,26.37,9.55,40.73,29.47,10.96,45.21,24.87,8.87,38.56,23.21,12.1,32.68,24.02,12.69,33.92,22.78,11.77,32.02,28.92,7.5,47.23,34.54,9.29,55.43,26.45,6.73,43.54,66.59,74.87,57.58,61.8,71.21,52.23,69.23,76.78,60.7,79.44,89.44,68.62,74.95,86.93,62.97,81.84,90.7,71.84,40.81,50.95,29.78,36.57,45.84,27.13,43.15,53.62,31.33,47.41,59.62,34.19,42.92,54.5,31.34,49.81,62.21,35.82,25.16,31.25,18.57,25.08,30.86,19.31,25.2,31.44,18.14,51.35,64.76,36.85,44.51,58.13,30.89,55.03,68.11,40.26,9773,5017,51.34,4756,48.66,2668600,1.62,1328163,1.62,1340255,1.61,182,2.24,11242,2.41,1579781,525790,1053991,1538435,524048,1014387,40763,1699,39064,583,43,540,1579198,525747,1053451,1515566,514539,1001027,1682,708,974,61950,10500,51450,1515566,1074602,10616,296746,3283,706,128169,1228,216,70.9,0.7,19.58,0.22,0.05,8.46,0.08,0.01,1515566,428777,1080809,4006,646,884,444,28.29,71.31,0.26,0.04,0.06,0.03,1515566,1218072,82808,9364,201172,4150,80.37,5.46,0.62,13.27,0.27,1515566,424398,656057,433278,1833,100,28,43.29,28.59,0.12,37.64,56.94,4.14,0.64,0.64,10.23,89.72,0.03,0,0,0,0,0.02,77.66,14.4,6.32,0.78,0.66,0.18,55.44,44.56,68,32,49,51,85.74,0.66,9.63,3.97,99.66,0.13,0.09,0.12,3.3,31.28,1.02,0.01,0.02,0.12,37.03,26.82,0.2,0.19,70579,48331,22248,1515566,123422,402645,386885,330454,158092,65274,25847,11358,5484,2948,3157,3.29
Dhaka,Gopalganj,30,35,308710,1295057,308484,1294357,162,634,64,66,882,308646,1294991,304318,1251723,462,27536,3866,15732,1295057,634169,660836,52,1294357,633800,660505,52,634,320,314,0,66,49,17,0,1295057,634169,660836,52,1035905,504375,531501,29,259152,129794,129335,23,1294991,1251723,27536,15732,96.66,2.13,1.21,1035872,1010881,19042,5949,97.59,1.84,0.57,259119,240842,8494,9783,92.95,3.28,3.78,1044929,505878,539051,317886,197441,120445,653687,300447,353240,66127,6011,60116,3420,977,2443,3809,1002,2807,933667,451617,482050,348965,176461,172504,12049,5886,6163,195,107,88,129,98,31,0.88,95.96,57.48,352.7,-0.07,94.9,59.25,361.84,6.22,100.35,50.75,317.71,25063,888,8487,1838,3926,2015,1108,1971,339,308,324,2961,898,78.98,80.64,77.41,77.62,79.31,76.02,84.4,85.75,83.05,79.84,81.69,78.08,78.44,80.34,76.66,85.36,86.83,83.89,79.38,80.88,83.41,85.16,89.52,80.48,84.5,85.62,87,91.67,78.37,77.2,81.31,82.93,82.14,189987,170233,52267,49521,61654,59700,46032,40855,23390,15935,6644,4222,1169398,570192,599206,343289,297628,45661,354340,16955,337385,21870,16459,5411,449899,239150,210749,343289,297628,45661,192409,171449,20960,76902,68703,8199,59123,49581,9542,14855,7895,6960,343289,297628,45661,185784,155054,30730,26164,25078,1086,131341,117496,13845,32.82,12.74,51.32,34.61,13.63,53.67,26.56,9.76,42.83,24.54,13.32,35.76,25.49,13.92,37.1,20.72,10.89,30.42,42.58,11.99,68.15,46.09,13.21,72.42,32.04,8.68,54.28,54.9,64.04,46.19,53.18,62.63,44.31,61.67,69.43,53.9,69.64,82.39,57.92,67.7,81.06,55.65,77.18,87.34,67.17,27.35,34.68,20.37,24.78,31.87,18.13,37.5,45.44,29.53,33.66,43.55,24.57,30.59,40.25,21.87,45.58,55.78,35.53,24.25,28.74,20.12,22.15,26.18,18.51,32.41,38.27,26.65,41.66,52.98,31.27,40.51,51.58,30.51,46.17,58.18,34.34,2470,1336,54.09,1134,45.91,1478223,0.9,748172,0.92,729995,0.88,56,0.69,3223,0.69,308710,247940,60770,308484,247908,60576,162,0,162,64,32,32,308646,247908,60738,304318,246129,58189,462,319,143,3866,1460,2406,304318,90628,700,209304,2592,973,46,70,5,29.78,0.23,68.78,0.85,0.32,0.02,0.02,0,304318,43913,258928,1435,30,9,3,14.43,85.08,0.47,0.01,0,0,304318,119292,9861,2239,172900,26,39.2,3.24,0.74,56.82,0.01,304318,42482,42644,218397,795,100,13.96,14.01,71.77,0.26,90.34,5.49,1.18,0.62,2.37,5.29,90.17,4.17,0,0.37,0,0,0,48.33,9.67,39.41,1.97,0.56,0.06,87.28,12.72,86.9,13.1,88.87,11.13,71.04,2.93,16.35,9.68,99.53,0.11,0.01,0.35,8.1,77.7,4.69,0,0,0.04,0,9.45,0.01,0,20294,16827,3467,304318,13435,37449,63846,81033,55222,28212,12722,6067,2856,1635,1841,4.11
Dhaka,Kishoreganj,30,48,760952,3267626,760500,3266731,127,546,325,349,1215,760627,3267277,753421,3201295,817,44515,6389,21467,3267626,1572924,1694546,156,3266731,1572380,1694195,156,546,267,279,0,349,277,72,0,3267626,1572924,1694546,156,2372046,1138761,1233197,88,895580,434163,461349,68,3267277,3201295,44515,21467,97.98,1.36,0.66,2371974,2340515,22722,8737,98.67,0.96,0.37,895303,860780,21793,12730,96.14,2.43,1.42,2544157,1202486,1341671,792766,464274,328492,1580157,722071,858086,153551,11026,142525,8671,2141,6530,9012,2974,6038,3108278,1494225,1614053,158776,78448,80328,189,125,64,135,72,63,92,54,38,1.02,92.82,65.37,414.94,-0.19,92.34,67.35,430.82,5.38,94.11,60.36,374.73,46334,1606,15295,4947,5604,4805,3009,2535,224,507,440,5478,1884,66.68,66.85,66.53,64.23,64.16,64.3,73.09,73.82,72.42,67.6,67.94,67.29,65.16,65.25,65.08,73.94,74.86,73.09,67.25,74.04,82.35,72.97,42.5,67.44,76.86,80.18,73.77,53.06,67.08,71.3,86.44,72,25.81,417144,438540,142496,139110,149800,158690,84291,102226,30925,30012,9632,8502,2901837,1386399,1515438,864107,741667,122440,834091,37872,796219,40746,30628,10118,1162893,576232,586661,864107,741667,122440,429215,376427,52788,219894,196008,23886,176116,150608,25508,38882,18624,20258,864107,741667,122440,432064,348918,83146,91666,86548,5118,340377,306201,34176,37.75,17.16,54.77,39.16,18.25,56.47,34.18,14.42,50.49,29.33,18.84,38.78,30.77,20.24,40.3,25.66,15.29,34.95,48.18,14.84,72.9,49.61,15.49,74.87,44.61,13.24,67.98,47.47,58.31,37.55,45.66,57.16,35.21,52.2,61.31,43.74,62.21,78.01,48.41,60,76.66,45.54,67.9,81.45,55.9,24.27,30.97,18.14,21.89,28.47,15.9,30.51,37.43,24.07,30.76,40.26,22.47,27.94,37.24,19.86,38.07,47.99,29.27,17.32,21.36,13.79,15.33,18.85,12.27,22.46,27.75,17.77,27.13,37.08,18.45,25.78,35.39,17.45,30.62,41.4,21.07,1022,531,51.96,491,48.04,3871902,2.34,1898347,2.32,1973343,2.37,212,2.61,11306,2.42,760952,552308,208644,760500,552210,208290,127,34,93,325,64,261,760627,552244,208383,753421,549224,204197,817,479,338,6389,2541,3848,753421,203325,2246,533770,4974,778,7885,272,171,26.99,0.3,70.85,0.66,0.1,1.05,0.04,0.02,753421,70828,677487,4531,152,241,182,9.4,89.92,0.6,0.02,0.03,0.02,753421,261261,18059,11290,462019,792,34.68,2.4,1.5,61.32,0.11,753421,67113,116104,567940,2264,100,8.91,15.41,75.38,0.3,92.57,4.88,1.28,0.43,0.84,2.3,97.57,0.05,0.01,0.02,0,0,0.05,43.66,21.8,17.88,8.86,6.5,1.31,66.05,33.95,64.9,35.1,69.13,30.87,47.2,1.78,31.91,19.11,98.85,0.3,0.18,0.67,6.47,65.19,12.59,0.01,0.02,0.07,5.99,9.5,0.09,0.07,93532,70016,23516,753421,38544,91666,143623,177092,141046,81370,40161,19439,9457,4929,6094,4.25
Dhaka,Madaripur,30,54,313273,1293027,313015,1292178,188,747,70,102,1149,313203,1292925,310427,1259062,442,25218,2334,8645,1293027,615762,677201,64,1292178,615338,676776,64,747,356,391,0,102,68,34,0,1293027,615762,677201,64,977556,463565,513962,29,315471,152197,163239,35,1292925,1259062,25218,8645,97.38,1.95,0.67,977480,953391,19599,4490,97.54,2.01,0.46,315445,305671,5619,4155,96.9,1.78,1.32,1038852,485010,553842,308455,185201,123254,660741,291280,369461,62889,6502,56387,3645,1021,2624,3122,1006,2116,1146621,541986,604635,144897,73039,71858,1344,675,669,92,56,36,9,6,3,0.92,90.93,60.38,350.28,-0.27,90.19,61.77,356.46,6.16,93.24,56.22,331.69,16496,687,4810,1913,1890,1738,1132,962,89,202,182,2118,773,74.42,76.16,72.86,72.67,74.4,71.15,79.8,81.48,78.26,74.93,76.87,73.21,73.2,75.12,71.5,80.29,82.15,78.6,74.35,79.35,83.61,69.77,57.14,75.95,83.29,84.32,75.47,80,72.94,75.35,82.92,60.61,0,168758,171811,53840,51129,60608,61202,36251,43386,13608,12549,4451,3545,1164698,550148,614550,338211,293883,44328,365805,19583,346222,19515,14297,5218,441167,222385,218782,338211,293883,44328,170943,151819,19124,91207,82464,8743,60557,51724,8833,15504,7876,7628,338211,293883,44328,146799,116694,30105,28333,27366,967,163079,149823,13256,37.32,17.12,53.16,37.99,17.53,53.98,35.24,15.86,50.58,26.85,17.73,34.88,27.53,18.35,35.58,24.65,15.78,32.59,50.32,16.25,73.41,51.23,16.34,74.8,47.6,15.96,69.25,56.38,63.86,49.69,55.15,62.73,48.44,60.18,67.28,53.63,71.7,83,62.08,70.22,81.79,60.51,76.21,86.62,67,35.41,40.44,30.91,33.1,37.85,28.88,42.56,48.27,37.29,42.31,49.54,36.16,39.87,46.83,34.03,49.79,57.61,42.87,26.09,30.04,22.72,24.01,27.44,21.13,32.44,37.8,27.7,37.85,47.67,29.49,36.89,46.25,29.03,40.78,51.91,30.92,508,243,47.83,265,52.17,1574200,0.95,764575,0.94,809550,0.97,75,0.92,5547,1.19,313273,235346,77927,313015,235300,77715,188,0,188,70,46,24,313203,235300,77903,310427,233768,76659,442,313,129,2334,1219,1115,310427,91586,810,212330,3374,1053,888,350,36,29.5,0.26,68.4,1.09,0.34,0.29,0.11,0.01,310427,52377,256455,1417,58,92,28,16.87,82.61,0.46,0.02,0.03,0.01,310427,119666,12912,10949,166767,133,38.55,4.16,3.53,53.72,0.04,310427,50762,35637,223230,798,100,16.35,11.48,71.91,0.26,90.4,7.19,1.33,0.52,0.57,1,98.9,0.09,0,0.02,0,0,0,42.67,7.05,46.1,3.25,0.82,0.1,86.48,13.52,86.64,13.36,86.02,13.98,68.54,1.37,19.87,10.21,99.32,0.42,0.03,0.23,9.04,79.65,2.44,0.02,0,0.03,0,8.73,0.04,0.05,66343,49707,16636,310427,13835,40471,67846,80723,55690,27928,12409,5706,2711,1496,1612,4.06
Rangpur,Dinajpur,55,27,836977,3315236,828551,3284030,8148,30918,278,288,963,836699,3314948,831763,3236651,1051,51856,3885,26441,3315236,1661406,1653724,106,3284030,1645989,1637943,98,30918,15220,15691,7,288,197,90,1,3315236,1661406,1653724,106,2681813,1342357,1339403,53,633423,319049,314321,53,3314948,3236651,51856,26441,97.64,1.56,0.8,2681795,2643767,31316,6712,98.58,1.17,0.25,633153,592884,20540,19729,93.64,3.24,3.12,2744845,1367500,1377345,710311,439482,270829,1851100,905362,945738,161938,15832,146106,11115,3547,7568,10381,3277,7104,2605690,1306976,1298714,648312,324356,323956,46314,22385,23929,925,680,245,13889,7009,6880,0.92,100.46,49.17,316.02,0.5,100.22,49.95,323.12,2.97,101.5,45.95,286.86,51242,1511,17983,4586,6268,4677,2976,3144,322,659,536,6743,1837,75.74,78.46,73.03,74.1,76.86,71.34,82.66,85.13,80.16,76.14,79.04,73.26,74.51,77.45,71.58,82.99,85.6,80.35,77.57,71.43,68.42,83.03,59.25,79.81,76.7,72.76,89.94,63.47,75.32,66.17,64.42,63.27,54.99,453303,391638,122714,115413,148205,136753,115172,96768,50878,33343,16334,9361,3023525,1512011,1511514,1007929,867518,140411,957366,83523,873843,53613,38021,15592,1004617,522949,481668,1007929,867518,140411,553130,475208,77922,237800,215162,22638,170113,147680,22433,46886,29468,17418,1007929,867518,140411,545538,462685,82853,95455,82889,12566,366936,321944,44992,32.44,10.82,52.46,34.2,11.41,55.03,25.66,8.6,42.25,23.8,10.55,36.77,25.27,11.17,38.85,18,8.22,28.22,42.55,11.16,69.79,44.73,11.72,73.13,34.33,9.06,56.95,53.93,68.9,38.96,52.13,68.57,35.73,61.52,70.28,52.65,66.07,85.14,47.41,63.86,84.75,43.49,75.28,86.72,63.93,19.58,27.36,11.8,16.61,24.38,8.87,32.04,39.77,24.2,23.31,33.05,13.78,19.87,29.55,10.42,37.73,47.58,27.96,28.86,34.61,23.23,27.56,33.21,22.06,34.28,40.43,28.18,44.48,62.25,27.09,43.03,61.49,25.03,50.53,65.43,35.75,52940,25947,49.01,26993,50.99,3587876,2.17,1812969,2.22,1774770,2.13,137,1.69,3763,0.81,836977,679406,157571,828551,678497,150054,8148,891,7257,278,18,260,836699,679388,157311,831763,677298,154465,1051,685,366,3885,1405,2480,831763,470751,1798,126987,43025,4863,183647,365,327,56.6,0.22,15.27,5.17,0.58,22.08,0.04,0.04,831763,74906,749545,6325,355,292,340,9.01,90.12,0.76,0.04,0.04,0.04,831763,284400,13749,7142,525690,782,34.19,1.65,0.86,63.2,0.09,831763,66480,217753,545205,2325,100,7.99,26.18,65.55,0.28,93.08,3.56,0.77,0.4,2.18,1.36,98.59,0.02,0.01,0.01,0,0,0.01,54.28,10.05,17.46,2.67,9.08,6.45,72.35,27.65,70.88,29.12,78.41,21.59,75.81,1.47,10.6,12.13,98.78,0.14,0.09,1,28.84,58.51,3.8,0.01,0,2.44,0,6.19,0.12,0.09,7999,5848,2151,831763,38598,119720,189104,236265,136582,64432,24928,10582,5427,2984,3141,3.89
Dhaka,Manikganj,30,56,393524,1558025,393293,1557620,48,170,183,235,1126,393341,1557790,390088,1526711,342,20888,2911,10191,1558025,751912,806015,98,1557620,751643,805879,98,170,81,89,0,235,188,47,0,1558025,751912,806015,98,1328387,640085,688235,67,229638,111827,117780,31,1557790,1526711,20888,10191,98,1.34,0.65,1328273,1307008,14827,6438,98.4,1.12,0.48,229517,219703,6061,3753,95.72,2.64,1.64,1298409,618957,679452,329104,201732,127372,873335,405793,467542,84594,7868,76726,6489,1984,4505,4887,1580,3307,1418263,683176,735087,138867,68327,70540,510,276,234,135,51,84,152,82,70,1,93.29,51.9,286.22,0.44,93,52.46,289.31,5.15,94.95,48.74,268.91,26875,709,7645,2591,4938,1962,1385,2180,624,302,242,3195,1102,70.73,73.73,67.96,69.14,72.21,66.32,79.89,82.37,77.54,71.17,74.37,68.22,69.56,72.84,66.55,80.42,83.06,77.95,70.97,73.04,87.71,86.05,55.73,74.09,77.07,88.58,77.08,60,68.12,69.17,86.7,91.36,50.82,191131,180101,55620,53105,65844,65151,45539,43522,18404,14501,5724,3822,1430721,687065,743656,469084,398761,70323,463706,25262,438444,20041,15793,4248,477890,247249,230641,469084,398761,70323,228966,192935,36031,141919,129182,12737,78675,66470,12205,19524,10174,9350,469084,398761,70323,208577,168470,40107,66415,56144,10271,194092,174147,19945,36.03,14.77,53.96,37.09,15.3,55.56,30.13,11.78,45.17,27.24,14.99,38.66,28.22,15.62,40.04,21.73,11.41,31.02,46.45,14.47,70.37,47.64,14.87,72.25,39.91,12.26,60.16,56.82,68.28,46.24,55.77,67.82,44.68,62.89,70.9,55.34,69.33,84.38,55.89,68.03,83.77,54.01,76.85,87.86,66.81,33.94,40.63,27.77,32.4,39.14,26.2,42.84,49.1,36.94,38.52,47.01,30.92,36.85,45.4,29.24,48.11,56.23,40.72,28.06,32.86,23.76,26.83,31.39,22.77,35.11,41.23,29.52,33.27,44.74,23.01,32.42,43.75,22.34,38.14,50.4,26.96,909,433,47.63,476,52.37,1723502,1.04,848030,1.04,875367,1.05,105,1.29,7835,1.68,393524,335322,58202,393293,335242,58051,48,0,48,183,80,103,393341,335242,58099,390088,333101,56987,342,250,92,2911,1891,1020,390088,72374,930,312091,1299,590,2621,153,30,18.55,0.24,80.01,0.33,0.15,0.67,0.04,0.01,390088,38393,350464,1011,90,76,54,9.84,89.84,0.26,0.02,0.02,0.01,390088,168862,10171,2596,208235,224,43.29,2.61,0.67,53.38,0.06,390088,37102,33808,318793,385,100,9.51,8.67,81.72,0.1,91.93,5.62,1.11,0.48,0.86,5.68,93.84,0.13,0.17,0.14,0,0,0.04,56.31,13.43,24.69,2.95,2.23,0.39,77.19,22.81,76.64,23.36,80.41,19.59,65.34,1.66,20.54,12.46,98.64,0.84,0.07,0.45,21.17,57.78,10.91,0.01,0.01,0.02,0.77,9.19,0.07,0.07,63218,55717,7501,390088,18631,58499,90469,103278,62756,30599,12987,6032,3175,1702,1960,3.91
Dhaka,Munshiganj,30,59,399631,1625416,398952,1623334,492,1880,187,202,1618,399444,1625214,392963,1563778,566,39194,5915,22242,1625416,788506,836848,62,1623334,787427,835845,62,1880,916,964,0,202,163,39,0,1625416,788506,836848,62,1331380,642463,688863,54,294036,146043,147985,8,1625214,1563778,39194,22242,96.22,2.41,1.37,1331207,1285941,30575,14691,96.6,2.3,1.1,294007,277837,8619,7551,94.5,2.93,2.57,1321438,632985,688453,396378,246191,150187,838856,377169,461687,76898,6904,69994,4602,1345,3257,4704,1376,3328,1500926,727462,773464,122234,59897,62337,1867,889,978,159,123,36,168,135,33,1.04,94.22,54.88,315.44,0.49,93.26,55.82,317.62,4.07,98.69,50.78,305.55,22265,890,6410,2412,2981,1901,1352,1210,225,231,287,3138,1228,77.41,78.46,76.44,77.09,78.14,76.11,78.89,79.84,77.95,77.9,79.08,76.8,77.56,78.75,76.47,79.43,80.51,78.37,77.85,78.19,94.6,96.69,93.75,78.94,80.41,95.36,96.72,97.73,76.84,76.06,93.93,96.55,75,205649,200811,66520,63509,75470,72829,45160,48587,14980,12605,3519,3281,1477402,713301,764101,474586,401737,72849,423075,9774,413301,16274,13922,2352,563467,287868,275599,474586,401737,72849,262682,228357,34325,145838,131895,13943,47018,33625,13393,19048,7860,11188,474586,401737,72849,155082,109656,45426,77948,72463,5485,241556,219618,21938,37.86,16.53,56.1,38.52,17.16,56.5,35.04,13.96,54.34,27.46,16.28,37.96,27.72,16.66,38.03,26.31,14.65,37.63,50,16.85,75.41,51.25,17.81,76.18,44.82,13.14,72.01,59.29,65.56,53.44,59,64.98,53.48,60.62,68.11,53.26,74.9,84.28,66.48,74.63,83.91,66.44,76.11,85.87,66.64,41.27,45.11,37.68,40.83,44.35,37.58,43.24,48.44,38.14,48.72,54.39,43.65,48.23,53.6,43.49,50.95,57.72,44.39,28.87,31.03,26.93,28.59,30.35,27.04,30.09,33.91,26.4,32.62,40.58,25.48,32.44,40.1,25.69,33.43,42.63,24.51,4808,2348,48.84,2460,51.16,1982995,1.2,958603,1.17,1024310,1.23,82,1.01,9994,2.14,399631,327240,72391,398952,326725,72227,492,355,137,187,160,27,399444,327080,72364,392963,322868,70095,566,468,98,5915,3744,2171,392963,104039,2068,279399,6176,287,809,132,53,26.48,0.53,71.1,1.57,0.07,0.21,0.03,0.01,392963,78160,309688,4851,105,104,55,19.89,78.81,1.23,0.03,0.03,0.01,392963,180365,21133,102040,88854,571,45.9,5.38,25.97,22.61,0.15,392963,76650,28619,285413,2281,100,19.51,7.28,72.63,0.58,81.34,11.42,4.64,1.13,1.47,3.12,96.63,0.04,0,0.18,0,0,0.02,62.82,12.74,21.94,1.77,0.59,0.14,68.23,31.77,68.85,31.15,65.37,34.63,76.32,1.21,15.03,7.44,99.39,0.38,0.04,0.19,3.37,62.77,3.01,0.02,0.01,0.05,15.51,15.03,0.12,0.11,108962,93461,15501,392963,17305,54004,90563,106934,66638,30076,13248,6290,3405,1934,2566,3.98
Rajshahi,Chapainababganj,50,70,269905,956431,268239,950705,1629,5651,37,75,945,269868,956356,268398,938110,250,11618,1220,6628,956431,472657,483685,89,950705,469824,480795,86,5651,2779,2872,0,75,54,18,3,1835528,887170,948282,76,1368201,662841,705302,58,467327,224329,242980,18,1835467,1816475,12472,6520,98.97,0.68,0.36,1368172,1359590,4920,3662,99.37,0.36,0.27,467295,456885,7552,2858,97.77,1.62,0.61,1468169,699793,768376,362218,221060,141158,1014278,469200,545078,74820,6357,68463,12481,2082,10399,4372,1094,3278,1753917,846521,907396,72178,36039,36139,7216,3574,3642,35,16,19,2106,1020,1086,0.96,93.56,54.59,367.06,0.27,93.98,55.68,379.59,3.36,92.32,51.49,331.76,28973,947,10908,2828,3550,2435,1822,1445,125,514,296,3077,1026,71.15,69.92,72.28,68.72,67.21,70.13,78.18,77.85,78.48,72,70.85,73.05,69.62,68.19,70.95,78.84,78.59,79.07,72.2,68.56,62.37,62.07,58.42,70.89,70.57,67.1,71.43,60.25,73.4,66.55,57.78,53.33,56.68,229213,213515,70664,69447,77888,80932,51864,43672,21922,14839,6875,4625,1643319,789487,853832,532134,458047,74087,536521,29853,506668,20629,14757,5872,554035,286830,267205,532134,458047,74087,288564,263227,25337,132162,114896,17266,89763,67525,22238,21645,12399,9246,532134,458047,74087,283372,227815,55557,40127,37861,2266,208635,192371,16264,38.47,11.24,61.3,39.54,11.35,63.26,35.46,10.93,55.83,31.38,12.08,48.51,32.9,12.71,50.82,27.05,10.27,41.94,46.42,10.25,74.86,47.01,9.72,76.52,44.74,11.72,70.27,52.43,65.59,40.25,50.79,65.17,37.42,57.18,66.83,48.38,66.05,83.79,50.19,64.15,83.38,46.83,71.5,84.99,59.66,20.11,27.45,13.32,17.14,24.45,10.35,28.71,36.24,21.85,24.36,34.03,15.71,20.8,30.37,12.18,34.54,44.63,25.67,22.76,28.42,17.71,20.99,26.45,16.07,27.85,34.12,22.34,35.13,49.26,22.49,34.09,48.35,21.26,38.09,51.91,25.96,23278,11467,49.26,11811,50.74,1931147,1.17,947694,1.16,983381,1.18,72,0.89,3769,0.81,448028,333786,114242,444994,333383,111611,2986,387,2599,48,16,32,447980,333770,114210,446414,332884,113530,286,147,139,1280,739,541,446414,324035,1238,43328,11144,3797,62711,132,29,72.59,0.28,9.71,2.5,0.85,14.05,0.03,0.01,446414,139124,302144,1924,3084,134,4,31.16,67.68,0.43,0.69,0.03,0,446414,196592,7200,191,242308,123,44.04,1.61,0.04,54.28,0.03,446414,117138,81492,247045,739,100,26.24,18.25,55.34,0.17,94.31,2.19,0.61,0.26,2.63,18.39,81.29,0.14,0.15,0.01,0,0,0.03,54.96,10.11,13.95,6.73,13.25,0.99,65.62,34.38,63.83,36.17,70.8,29.2,65.41,2.39,18.34,13.86,97.08,0.84,0.13,1.96,21.7,57.43,16.09,0.01,0,0.38,0,4.35,0.02,0.02,28493,16072,12421,446414,18405,60850,96599,120174,76055,37898,17449,8433,4668,2643,3240,4.07
Dhaka,Narayanganj,30,67,1023175,3909138,1014092,3877882,8700,30840,383,416,5712,1022792,3908722,990647,3740835,1082,56271,31063,111616,3909138,2016364,1892534,240,3877882,2000176,1877478,228,30840,15864,14964,12,416,324,92,0,3909138,2016364,1892534,240,2325184,1199692,1125370,122,1583954,816672,767164,118,3908722,3740835,56271,111616,95.7,1.44,2.86,2325099,2225530,35137,64432,95.72,1.51,2.77,1583623,1515305,21134,47184,95.69,1.33,2.98,3224414,1664246,1560168,948659,603050,345609,2113020,1041478,1071542,136972,13386,123586,12320,2982,9338,13443,3350,10093,3721916,1919424,1802492,184292,95339,88953,1502,881,621,1052,619,433,136,101,35,2.51,106.54,44.39,298.56,1.52,106.6,45.74,312.11,4.19,106.45,42.45,279.16,28564,1665,8012,3178,2343,3089,2137,963,80,325,405,3503,2864,78.52,80.14,76.8,77.04,78.76,75.19,80.68,82.14,79.13,79.24,80.97,77.38,77.74,79.59,75.76,81.41,82.97,79.74,79.23,79.05,92.01,95.06,82.44,80.91,81.85,92.68,95.33,81.82,77.44,76.04,91.01,94.67,84.38,440007,398473,132649,124914,151441,141556,95931,92476,45781,31583,14205,7944,3563324,1840629,1722695,1547530,1215085,332445,775725,10282,765443,26041,21023,5018,1214028,594239,619789,1547530,1215085,332445,1141109,877899,263210,316695,288218,28477,58342,38038,20304,31384,10930,20454,1547530,1215085,332445,154866,84322,70544,733136,555697,177439,659528,575066,84462,31.48,10.03,50.95,31.62,9.87,51.49,31.27,10.26,50.16,25.58,11.97,38.2,25.95,11.99,38.94,25.03,11.94,37.12,37.31,8.06,63.32,37.26,7.72,63.78,37.39,8.56,62.66,61.76,70.27,52.66,60.26,69.41,50.48,63.94,71.52,55.84,75.94,86.6,64.62,74.34,85.86,62.12,78.24,87.68,68.23,38.67,46.51,30.31,36.72,44.79,28.1,41.52,49.01,33.52,46.46,56.25,36.09,44.3,54.41,33.59,49.59,58.91,39.7,23.44,28.61,17.96,22.41,27.54,16.97,24.94,30.15,19.4,36.92,48.67,24.46,35.53,47.44,22.89,38.94,50.46,26.72,1267,716,56.51,551,43.49,2718444,1.65,1361058,1.66,1357198,1.63,188,2.31,9179,1.97,1023175,604401,418774,1014092,600819,413273,8700,3503,5197,383,79,304,1022792,604322,418470,990647,585638,405009,1082,671,411,31063,18013,13050,990647,664155,12114,303033,3755,292,6372,686,240,67.04,1.22,30.59,0.38,0.03,0.64,0.07,0.02,990647,471882,512882,4504,441,530,408,47.63,51.77,s,0.04,0.05,0.04,990647,745415,100061,11619,131193,2359,75.25,10.1,1.17,13.24,0.24,990647,467488,207546,313378,2235,100,47.19,20.95,31.63,0.23,48.37,40.52,9.9,0.55,0.65,27.35,72.48,0.08,0.02,0.03,0,0,0.04,74.05,15.56,8.18,1.4,0.71,0.11,60.03,39.97,59.67,40.33,60.55,39.45,78.57,1.11,12.92,7.4,99.62,0.21,0.09,0.09,2.11,22.2,1.13,0.02,0.03,0.22,62.91,11.04,0.17,0.17,72484,48581,23903,990647,48707,168077,240898,265778,148842,64181,27000,12547,6501,3521,4595,3.78
Dhaka,Narsingdi,30,68,621511,2584452,619027,2575152,2332,9137,152,163,2247,621359,2584289,611638,2499690,952,53262,8769,31337,2584452,1266059,1318276,117,2575152,1261484,1313552,116,9137,4430,4707,0,163,145,17,1,2584452,1266059,1318276,117,1940417,941595,998754,68,644035,324464,319522,49,2584289,2499690,53262,31337,96.73,2.06,1.21,1940404,1893330,31035,16039,97.57,1.6,0.83,643885,606360,22227,15298,94.17,3.45,2.38,2064401,998621,1065780,632130,386007,246123,1302486,598317,704169,111877,9401,102476,9089,2166,6923,8819,2730,6089,2443100,1194712,1248388,139828,70142,69686,796,671,125,169,112,57,442,422,20,1.33,96.04,56.65,358.5,0.78,94.28,58.24,366.85,3.23,101.55,52.04,333.53,30350,1186,9706,3031,3805,3258,1966,1466,127,376,360,3470,1599,73.96,75.07,72.9,72.39,73.34,71.49,78.66,80,77.3,74.81,76.11,73.59,73.24,74.4,72.16,79.5,80.98,78,74.52,79.63,92.64,86.81,91.55,75.7,82.46,92.13,90.38,92.34,73.4,76.81,95.58,77.5,75,338498,332019,106950,102156,117770,117982,76368,80755,29042,24500,8368,6626,2322802,1132697,1190105,756421,639195,117226,647800,21090,626710,25725,20203,5522,892856,452209,440647,756421,639195,117226,440027,374770,65257,183102,164588,18514,105415,87884,17531,27877,11953,15924,756421,639195,117226,244127,183687,60440,193825,170714,23111,318469,284794,33675,35.76,14.85,54.27,36.72,15.61,55.09,32.95,12.68,51.83,27.34,16.29,37.95,28.11,17.16,38.53,25.02,13.76,36.19,45.57,13,71.75,46.84,13.6,72.85,41.95,11.37,68.44,53.12,62.53,44.16,51.53,61.18,42.53,57.86,66.39,49.21,67.92,81.23,55.72,66.04,79.85,53.69,73.48,85.08,62,35.54,42.48,28.92,34.02,40.85,27.65,40.07,47.16,32.88,43.31,52.93,34.5,41.59,51.13,33.06,48.41,57.96,38.96,23.65,28.67,19.05,22.37,27.03,18.21,27.44,33.26,21.68,31.4,41.6,22.06,30.48,40.32,21.7,34.13,45.19,23.18,508,280,55.12,228,44.88,2629094,1.59,1286527,1.57,1342425,1.61,142,1.75,11573,2.48,621511,465797,155714,619027,464374,154653,2332,1410,922,152,13,139,621359,465784,155575,611638,460668,150970,952,632,320,8769,4484,4285,611638,282147,2916,289024,2869,433,33815,249,185,46.13,0.48,47.25,0.47,0.07,5.53,0.04,0.03,611638,115375,492383,3126,170,226,358,18.86,80.5,0.51,0.03,0.04,0.06,611638,360313,23452,7722,219046,1105,58.91,3.83,1.26,35.81,0.18,611638,112489,162846,334772,1531,100,18.39,26.62,54.73,0.25,85.47,11.77,1.92,0.38,0.46,1.42,98.51,0.02,0.01,0.02,0,0,0.02,57.69,17.96,15.22,4.79,3.75,0.6,70.69,29.31,71.42,28.58,68.45,31.55,64.37,1.68,21.54,12.41,99.6,0.12,0.08,0.21,8.69,61.69,2.94,0.01,0.02,0.05,15.82,10.43,0.19,0.15,117936,94403,23533,611638,27830,79782,130746,158181,109390,55251,25170,11926,6040,3271,4051,4.09
Dhaka,Rajbari,30,82,295216,1189818,293449,1183752,1568,5851,199,215,1089,295017,1189603,292934,1169673,309,12792,1774,7138,1189818,582123,607620,75,1183752,579086,604591,75,5851,2853,2998,0,215,184,31,0,1189818,582123,607620,75,1010027,493575,516394,58,179791,88548,91226,17,1189603,1169673,12792,7138,98.32,1.08,0.6,1009907,997982,7939,3986,98.82,0.79,0.39,179696,171691,4853,3152,95.55,2.7,1.75,974477,471762,502715,251901,152643,99258,663972,312571,351401,51660,4566,47094,3448,871,2577,3496,1111,2385,1078605,526480,552125,110566,55358,55208,163,80,83,35,18,17,374,187,187,1.11,95.8,54.52,328.59,0.89,95.58,55.23,335.13,2.48,97.06,50.63,292.67,17124,561,6110,1762,1986,1618,1360,823,71,245,186,1773,629,68.88,70.04,67.78,67.38,68.37,66.45,77.22,79.27,75.25,69.49,70.79,68.27,67.97,69.08,66.92,77.95,80.14,75.84,69.05,73.75,87.23,79.31,47.35,70.08,77.29,89.39,80,49.07,68.07,70.21,85.33,78.57,45.63,149870,142535,43205,41728,53302,52679,35288,34444,13757,10497,4318,3187,1080124,526072,554052,347200,305586,41614,343002,17623,325379,15896,11730,4166,374026,191133,182893,347200,305586,41614,174099,155029,19070,83299,75314,7985,75373,67617,7756,14429,7626,6803,347200,305586,41614,177556,150758,26798,34970,32576,2394,134674,122252,12422,35.69,12.52,55.09,36.63,12.7,56.65,30.52,11.5,46.51,25.17,12.54,36.91,25.99,12.87,38.17,20.56,10.72,29.78,47.96,12.48,74.22,49.15,12.48,76.25,41.62,12.48,63.33,52.16,65.62,39.38,50.71,64.97,37.2,60.24,69.2,51.58,64.85,82.58,48.51,63.08,81.84,45.86,74.59,86.63,63.28,25.4,32.99,18.2,23.62,31.26,16.39,35.3,42.52,28.33,30.39,40.18,21.37,28.31,38.13,19.29,41.92,51.4,33,25.97,31.21,21.15,24.53,29.52,19.96,33.9,40.43,27.76,37.62,51.77,24.58,36.56,50.83,23.47,43.43,56.89,30.79,3324,1681,50.57,1643,49.43,1291748,0.78,643445,0.79,648241,0.78,62,0.76,3422,0.73,295216,249881,45335,293449,248973,44476,1568,799,769,199,109,90,295017,249772,45245,292934,248523,44411,309,214,95,1774,1035,739,292934,84701,624,198596,4343,1219,2564,810,77,28.91,0.21,67.8,1.48,0.42,0.88,0.28,0.03,292934,29878,260681,1991,99,212,73,10.2,88.99,0.68,0.03,0.07,0.02,292934,125482,5132,3190,158856,274,42.84,1.75,1.09,54.23,0.09,292934,27945,46941,216952,1096,100,9.54,16.02,74.06,0.37,94.18,3.09,0.94,0.34,1.45,1.71,97.98,0.14,0.02,0.06,0,0,0.08,49.6,12.23,28.62,5.41,3.63,0.5,75.8,24.2,75.69,24.31,76.39,23.61,67.09,2.55,17.85,12.52,98.97,0.18,0.23,0.61,35.52,54.07,4.77,0.01,0.01,0.05,0,5.39,0.04,0.13,23972,20840,3132,292934,10606,39469,66915,82428,50540,23928,9732,4423,2305,1209,1379,3.99
Dhaka,Shariatpur,30,86,308964,1294562,308304,1292065,576,2386,84,111,1103,308880,1294451,306320,1271446,349,15793,2211,7212,1294562,621506,673005,51,1292065,620224,671790,51,2386,1177,1209,0,111,105,6,0,1294562,621506,673005,51,985161,470352,514797,12,309401,151154,158208,39,1294451,1271446,15793,7212,98.22,1.22,0.56,985115,972280,8740,4095,98.7,0.89,0.42,309336,299166,7053,3117,96.71,2.28,1.01,1028651,486357,542294,309604,185910,123694,655384,293923,361461,57556,4843,52713,3292,793,2499,2815,888,1927,1251474,599860,651614,42721,21403,21318,90,57,33,204,170,34,22,16,6,1.01,92.35,62.35,381.65,-0.35,91.37,63.86,389.41,7.64,95.54,57.71,357.42,15511,709,4567,1895,1822,1750,1020,788,68,180,189,1878,645,72.28,73.4,71.25,70.39,71.3,69.57,78.25,79.91,76.69,72.9,74.2,71.73,71.01,72.08,70.04,78.88,80.7,77.16,72.7,78.54,90.24,91.24,94.44,73.93,81.16,88,94.41,92.86,71.58,75.91,93.75,75.76,100,159821,170706,54112,53341,58110,62003,31772,41598,11943,10832,3884,2932,1158304,552447,605857,343305,299424,43881,352080,22551,329529,20167,14898,5269,442752,215574,227178,343305,299424,43881,180586,163087,17499,89307,80344,8963,54854,45638,9216,18558,10355,8203,343305,299424,43881,156486,124555,31931,44075,42835,1240,142744,132034,10710,38.61,17.86,55.02,39.28,18.25,55.74,36.47,16.68,52.7,28.38,19.05,36.4,29.21,19.7,37.33,25.73,16.99,33.38,50.71,16.3,75.35,51.32,16.3,75.93,48.81,16.29,73.5,55.94,64.53,48.1,54.66,63.62,46.57,59.99,67.31,53.06,71.62,83.86,60.86,70.15,82.97,59.03,76.23,86.56,66.75,32.58,38.78,26.93,30.89,36.91,25.47,37.92,44.55,31.64,40.02,48.62,32.47,38.05,46.44,30.78,46.18,55.21,37.88,24.14,28.21,20.57,22.42,25.78,19.5,29.53,35.56,24,37.1,46.99,28.4,36.07,45.46,27.92,40.32,51.63,29.94,438,232,52.97,206,47.03,1706992,1.03,840390,1.03,866538,1.04,64,0.79,5765,1.24,308964,234366,74598,308304,233951,74353,576,385,191,84,30,54,308880,234336,74544,306320,232888,73432,349,221,128,2211,1227,984,306320,69669,958,228392,4274,561,2266,162,38,22.74,0.31,74.56,1.4,0.18,0.74,0.05,0.01,306320,37114,266081,2924,68,72,61,12.12,86.86,0.95,0.02,0.02,0.02,306320,99567,6941,32092,167392,328,32.5,2.27,10.48,54.65,0.11,306320,35747,30921,238158,1494,100,11.67,10.09,77.75,0.49,92.21,4.74,1.82,0.43,0.8,0.72,99.18,0.05,0,0.04,0,0,0.01,50.6,13.45,31.16,3.71,0.88,0.21,80.22,19.78,79.74,20.26,81.74,18.26,73.08,1.08,18.38,7.46,98.46,1.09,0.07,0.38,8.75,83.07,2.53,0.01,0,0.02,0,5.54,0.03,0.05,60712,47735,12977,306320,12380,37239,63228,79424,58803,29730,13206,6109,2916,1530,1755,4.15
Rangpur,Gaibandha,55,32,700288,2562233,698666,2556496,1563,5676,59,61,1212,700229,2562172,697320,2529359,536,22038,2373,10775,2562233,1241113,1320967,153,2556496,1238361,1317983,152,5676,2713,2962,1,61,39,22,0,2562233,1241113,1320967,153,2165498,1047644,1117759,95,396735,193469,203208,58,2562172,2529359,22038,10775,98.72,0.86,0.42,2165487,2144726,15087,5674,99.04,0.7,0.26,396685,384633,6951,5101,96.96,1.75,1.29,2074187,989734,1084453,515437,310192,205245,1410962,665369,745593,131852,9279,122573,8844,2410,6434,7092,2484,4608,2379978,1150964,1229014,177590,87917,89673,3502,1749,1753,111,69,42,899,414,485,0.66,93.95,56.97,353.21,-0.01,93.73,57.67,359.2,5.63,95.21,53.23,321.49,49470,1390,17420,4315,7048,3855,3587,3203,272,751,497,5236,1896,66.4,69.47,63.55,64.92,67.97,62.11,74.36,77.49,71.4,67,70.31,63.96,65.54,68.82,62.52,74.91,78.24,71.77,66.94,67.86,64.93,72.38,61.4,70.13,72.53,70.5,75.38,67.61,64.01,63.32,59.45,67.5,56.12,346165,310353,98981,93825,125181,118468,83700,70656,28619,21125,9684,6279,2313988,1113765,1200223,689911,599273,90638,763429,55446,707983,42611,30379,12232,818037,428667,389370,689911,599273,90638,362783,322987,39796,145144,127843,17301,145699,127471,18228,36285,20972,15313,689911,599273,90638,391477,327525,63952,63590,59197,4393,234844,212551,22293,35.4,13.14,54.19,36.24,13.38,55.47,31.07,11.89,47.48,25.34,12.79,37.42,26.08,13.07,38.6,21.54,11.35,31.36,48.31,13.68,72.94,49.19,13.87,74.2,43.62,12.71,66.18,51.84,65.44,39.23,50.84,65.04,37.71,57.27,67.59,47.53,65.2,83.78,48.69,63.99,83.31,46.86,71.71,86.25,58.6,17.35,25.03,10.23,15.61,23.14,8.65,26.75,35.13,18.85,21.01,31.03,12.1,19.02,28.83,10.32,31.68,42.74,21.71,24.66,30.58,19.4,23.37,29.04,18.36,31.55,38.79,25.02,46.97,63.51,32.27,46.25,62.93,31.46,50.85,66.58,36.67,4150,2044,49.25,2106,50.75,2981974,1.81,1478783,1.81,1502973,1.8,218,2.68,4304,0.92,700288,594227,106061,698666,593479,105187,1563,738,825,59,10,49,700229,594217,106012,697320,592328,104992,536,396,140,2373,1493,880,697320,231827,605,424920,4936,1094,33615,199,124,33.25,0.09,60.94,0.71,0.16,4.82,0.03,0.02,697320,34736,658795,3248,139,195,207,4.98,94.48,0.47,0.02,0.03,0.03,697320,190226,5812,6610,494033,639,27.28,0.83,0.95,70.85,0.09,697320,29811,132642,533343,1524,100,4.28,19.02,76.48,0.22,96.14,1.87,0.31,0.31,1.37,0.63,99.31,0.01,0,0.03,0,0,0.01,47.02,11.84,24.23,4.76,8.44,3.72,67.2,32.8,65.57,34.43,76.22,23.78,60.87,3.38,18.7,17.05,96.74,1.68,0.24,1.34,18.44,71.21,5.13,0.01,0.01,0.07,0,5.01,0.09,0.03,13007,11426,1581,697320,48240,121615,169679,183803,102841,42722,16250,6433,2850,1454,1433,3.63
Dhaka,Tangail,30,93,1061746,4037608,1059862,4030804,1712,6609,172,195,1183,1061574,4037413,1053707,3956331,1140,52420,6727,28662,4037608,1945826,2091490,292,4030804,1942396,2088116,292,6609,3294,3315,0,195,136,59,0,4037608,1945826,2091490,292,3125107,1498950,1626011,146,912501,446876,465479,146,4037413,3956331,52420,28662,97.99,1.3,0.71,3125068,3085936,23376,15756,98.75,0.75,0.5,912345,870395,29044,12906,95.4,3.18,1.41,3341071,1588417,1752654,839267,515894,323373,2272690,1046792,1225898,199917,17379,182538,16842,4461,12381,12355,3891,8464,3762538,1809641,1952897,257343,127312,130031,15191,7704,7487,264,127,137,1980,1042,938,1.01,93.04,52.23,296.81,0.18,92.19,53.11,304.29,4.6,96,49.27,271.84,54371,1831,19247,6426,6635,5029,3438,3210,241,585,619,5319,1791,69.42,72.15,66.91,67.2,69.94,64.71,76.96,79.5,74.55,69.75,72.66,67.08,67.52,70.44,64.86,77.32,80,74.78,69.63,71.14,77.28,82.19,55.24,72.39,76.15,77.97,85,60.41,67.11,66.26,76.57,79.53,49.65,525387,471472,151028,142966,178982,171284,130352,109514,50392,37560,14633,10148,3694349,1771055,1923294,1123911,957217,166694,1224963,99610,1125353,50810,39904,10906,1294665,674324,620341,1123911,957217,166694,589006,509978,79028,282959,251320,31639,194133,161904,32229,57813,34015,23798,1123911,957217,166694,476402,374763,101639,164661,144704,19957,482848,437750,45098,35.9,14.37,54.39,37.52,15.12,56.63,30.76,12.01,47.14,26.25,13.39,38.69,27.57,14.13,40.56,22.01,11.03,32.69,47.38,15.72,70.91,49.36,16.49,73.54,41.08,13.32,62.42,56.14,67.28,45.88,54.92,66.81,44.08,60.28,68.81,52.15,69.08,84.11,55.79,67.5,83.43,53.56,74.48,86.36,63.59,31.22,38.53,24.48,29.34,36.68,22.65,37.6,44.7,30.83,36.66,46.16,28.26,34.43,43.89,26.14,44.28,53.69,35.66,27.65,32.52,23.34,26.03,30.39,22.22,33.16,39.61,27.25,35.53,47.72,24.75,34.68,46.76,24.1,38.44,50.91,27,23708,11955,50.43,11753,49.57,4375054,2.65,2132583,2.61,2242164,2.69,307,3.78,17325,3.71,1061746,827901,233845,1059862,826768,233094,1712,1097,615,172,36,136,1061574,827865,233709,1053707,823443,230264,1140,620,520,6727,3802,2925,1053707,178382,2830,848660,2692,1084,19526,420,113,16.93,0.27,80.54,0.26,0.1,1.85,0.04,0.01,1053707,89546,960388,2979,356,290,148,8.5,91.14,0.28,0.03,0.03,0.01,1053707,509875,22803,4891,515355,783,48.39,2.16,0.46,48.91,0.07,1053707,86947,90099,875393,1268,100,8.25,8.55,83.08,0.12,91.91,5.93,0.64,0.38,1.14,2.38,97.53,0.02,0.03,0.01,0,0,0.03,53.65,9.17,31.31,2.91,2.37,0.6,72.37,27.63,71.09,28.91,76.93,23.07,74.23,2.02,14.3,9.45,98.26,0.95,0.18,0.61,17.07,67.91,3.59,0.01,0.01,0.12,4.21,6.94,0.08,0.06,158130,131034,27096,1053707,54110,182392,256486,277213,156235,70943,29182,12941,6768,3574,3863,3.75
Khulna,Jashore,40,41,798032,3076144,790784,3050739,7019,25141,229,264,1180,797803,3075880,791985,3004239,810,46512,5008,25129,3076144,1524349,1551667,128,3050739,1511734,1538881,124,25141,12420,12717,4,264,195,69,0,3076144,1524349,1551667,128,2356733,1160944,1195712,77,719411,363405,355955,51,3075880,3004239,46512,25129,97.67,1.51,0.82,2356647,2324493,23249,8905,98.64,0.99,0.38,719233,679746,23263,16224,94.51,3.23,2.26,2566023,1263021,1303002,630101,394487,235614,1770641,848140,922501,137469,12981,124488,15911,3926,11985,11901,3487,8414,2756611,1363819,1392792,313582,157706,155876,5344,2544,2800,177,104,73,302,176,126,0.95,98.24,46.5,293.67,0.41,97.09,47.28,296.72,3,102.09,43.99,283.79,45398,2195,17056,4085,5194,3501,3031,2256,210,488,464,4970,1948,76.58,79.01,74.21,74.8,77.14,72.54,82.38,84.93,79.8,77.07,79.67,74.54,75.31,77.83,72.88,82.83,85.51,80.11,77.14,76.41,81.44,86.79,65.47,79.5,81,84.27,87.37,72.12,74.85,71.79,78.88,85.94,55.75,375676,336336,105212,100766,121190,117032,91709,80442,44709,30052,12856,8044,2814887,1391168,1423719,985685,870515,115170,886289,21866,864423,33644,25405,8239,909269,473382,435887,985685,870515,115170,583682,524477,59205,231238,210264,20974,143649,124682,18967,27116,11092,16024,985685,870515,115170,474304,406129,68175,96965,88557,8408,414416,375829,38587,35.21,10.97,57.38,36.75,11.58,59.41,30.54,9.18,50.99,27.21,11.96,41.89,28.42,12.55,43.57,23.29,10.08,36.38,43.79,9.85,73.15,45.93,10.43,75.93,37.64,8.28,64.83,56.5,69.09,44.2,54.52,68.19,41.33,62.96,71.94,53.81,68.36,84.32,53.1,65.98,83.27,49.67,76.12,87.65,64.6,28.79,37.55,20.24,25.96,34.62,17.61,38.04,46.84,29.08,33.82,44.73,23.4,30.58,41.34,20.43,44.39,55.46,33.34,27.3,34.55,20.38,25.1,31.85,18.73,34.48,43.08,25.9,38.09,52.23,24.57,36.59,50.69,23.3,42.96,57.1,28.85,5386,2725,50.59,2661,49.41,3213464,1.95,1594980,1.95,1618338,1.94,146,1.8,7844,1.68,798032,613048,184984,790784,611464,179320,7019,1523,5496,229,61,168,797803,612987,184816,791985,610464,181521,810,445,365,5008,2078,2930,791985,567089,4751,134866,20612,1124,62924,448,171,71.6,0.6,17.03,2.6,0.14,7.95,0.06,0.02,791985,311375,434296,8475,37150,600,89,39.32,54.84,1.07,4.69,0.08,0.01,791985,421389,36867,10079,322733,917,53.21,4.66,1.27,40.75,0.12,791985,265390,167092,355329,4174,100,33.51,21.1,44.87,0.53,89.82,6.27,2.37,0.47,1.07,2.15,97.52,0.2,0.08,0.02,0,0,0.03,65.62,13.17,13.88,2.47,4.55,0.31,76.78,23.22,76.57,23.43,77.5,22.5,77.76,1.84,10.81,9.58,99.45,0.09,0.06,0.4,5.21,77.19,7.45,0.01,0.01,0.22,0,9.75,0.09,0.07,57950,49623,8327,791985,33109,121624,199517,221120,123593,55991,20991,8479,3865,1831,1865,3.79
Khulna,Jhenaidah,40,44,519295,2005849,518611,2003670,597,2084,87,95,1021,519208,2005754,516157,1969715,421,22942,2630,13097,2005849,995812,1009922,115,2003670,994699,1008856,115,2084,1038,1046,0,95,75,20,0,2005849,995812,1009922,115,1582736,784332,798335,69,423113,211480,211587,46,2005754,1969715,22942,13097,98.2,1.14,0.65,1582710,1563599,12699,6412,98.79,0.8,0.41,423044,406116,10243,6685,96,2.42,1.58,1669618,823293,846325,412730,257573,155157,1156583,554217,602366,87505,7730,79775,7319,1998,5321,5481,1775,3706,1836164,910769,925395,168438,84446,83992,905,458,447,143,95,48,84,44,40,1.11,98.6,48.23,300.26,0.53,98.25,48.76,304.04,3.66,99.95,46.28,286.48,32916,1040,13685,2599,3709,2577,2298,1413,122,462,345,3417,1249,72.17,74.13,70.24,70.31,72.21,68.46,79.1,81.24,76.97,72.81,74.94,70.72,70.97,73.04,68.95,79.68,81.99,77.4,72.74,73.51,77.93,91.6,26.76,74.65,78.02,80.71,93.33,35.14,70.89,68.98,75,87.8,17.65,257366,222754,67565,64631,84206,79495,63140,53257,32819,19769,9636,5602,1834705,908500,926205,624268,560276,63992,594106,17984,576122,25475,19248,6227,590856,310992,279864,624268,560276,63992,298833,271018,27815,147205,134406,12799,160533,147281,13252,17697,7571,10126,624268,560276,63992,365562,322042,43520,44007,41614,2393,214699,196620,18079,33.95,10.35,55.89,34.86,10.55,57.53,30.66,9.64,49.98,25.67,10.84,40.16,26.75,11.18,41.9,21.84,9.61,33.91,43.05,9.8,72.33,43.68,9.82,73.82,40.68,9.69,66.94,55.29,69.42,41.43,53.67,69,38.69,61.31,70.97,51.72,67.2,85.18,49.98,65.18,84.54,46.69,74.71,87.52,62.35,29.51,38.15,21.03,27.83,36.55,19.31,35.76,44.08,27.49,34.26,45.06,23.92,32.2,43.02,21.86,41.95,52.63,31.65,27.55,34.94,20.49,25.54,32.68,18.71,35.1,43.34,27.15,42.58,57.54,28.27,41.67,56.69,27.31,46.01,60.68,31.84,5624,2737,48.67,2887,51.33,2109293,1.28,1053861,1.29,1055309,1.27,123,1.51,5010,1.07,519295,410201,109094,518611,410103,108508,597,75,522,87,23,64,519208,410178,109030,516157,408635,107522,421,237,184,2630,1306,1324,516157,332022,2046,135021,11364,1011,34212,392,89,64.33,0.4,26.16,2.2,0.2,6.63,0.08,0.02,516157,170965,339610,4265,803,227,287,33.12,65.8,0.83,0.16,0.04,0.06,516157,212526,16227,3801,283220,383,41.17,3.14,0.74,54.87,0.07,516157,135667,78854,299512,2124,100,26.28,15.28,58.03,0.41,94.46,3.46,0.79,0.3,0.99,2.34,97.55,0.1,0,0,0,0,0,53.28,9.29,30.5,3.4,3.26,0.27,73.58,26.42,72.07,27.93,79.32,20.68,71.36,2.11,15.42,11.11,99.61,0.05,0.04,0.31,17.72,65.35,9.84,0.01,0,0.05,0,6.93,0.06,0.04,35955,30344,5611,516157,19071,80717,125492,146374,83844,36769,13785,5311,2417,1151,1226,3.82
Sylhet,Habiganj,60,36,491884,2358886,491229,2356473,527,2274,128,139,895,491756,2358747,487395,2321098,489,22729,3872,14920,2358886,1143901,1214846,139,2356473,1142670,1213665,138,2274,1128,1145,1,139,103,36,0,2358886,1143901,1214846,139,2004395,971199,1033106,90,354491,172702,181740,49,2358747,2321098,22729,14920,98.4,0.96,0.63,2004304,1978954,15284,10066,98.74,0.76,0.5,354443,342144,7445,4854,96.53,2.1,1.37,1836700,876667,960033,640061,367684,272377,1070609,495344,575265,109668,9977,99691,7727,1381,6346,8635,2281,6354,1980964,956759,1024205,374091,185258,188833,2551,1279,1272,210,128,82,931,477,454,1.08,94.16,63.22,393.25,0.74,94.01,64.19,401.06,3.29,95.03,57.97,350.51,31977,1206,10268,3357,4085,3388,1514,1702,213,510,313,4023,1398,68.36,69.34,67.45,67,67.86,66.21,75.98,77.6,74.46,69.44,70.63,68.34,68.1,69.16,67.11,76.93,78.75,75.23,69.08,71.24,77.02,84.78,63.93,69.78,74.75,84.47,86.32,68.66,68.44,67.81,69.4,82.09,58.67,296354,305626,103879,100892,104491,108911,57837,69772,22573,20367,7574,5684,2102278,1013703,1088575,643753,537187,106566,570793,27162,543631,38689,28408,10281,849043,420946,428097,643753,537187,106566,364620,309566,55054,127633,110185,17448,118892,100874,18018,32608,16562,16046,643753,537187,106566,309028,245466,63562,111467,90130,21337,223258,201591,21667,39.14,18.53,56.4,40.03,19.09,57.53,34.1,15.33,49.94,32.64,21.56,42.5,33.71,22.45,43.7,26.48,16.52,35.49,46.94,14.61,72.1,47.65,14.75,73.25,42.97,13.83,65.69,46.78,58.45,35.92,45.47,57.53,34.25,54.16,63.53,45.32,61.59,78.45,46.55,60,77.43,44.5,70.29,84.04,57.88,24.78,32.31,17.77,23.18,30.59,16.3,33.71,41.85,26.05,31.57,42.26,22.03,29.66,40.18,20.29,42.04,53.57,31.62,16.81,21.69,12.46,15.28,19.72,11.32,25.22,32.39,18.75,29.63,41.46,19.07,28.61,40.15,18.33,35.21,48.56,23.15,41573,20742,49.89,20831,50.11,2486167,1.51,1220244,1.49,1265758,1.52,165,2.03,6996,1.5,491884,415930,75954,491229,415769,75460,527,78,449,128,83,45,491756,415847,75909,487395,412866,74529,489,345,144,3872,2636,1236,487395,214805,1384,215756,6138,988,48134,134,56,44.07,0.28,44.27,1.26,0.2,9.88,0.03,0.01,487395,48596,435325,3178,117,111,68,9.97,89.32,0.65,0.02,0.02,0.01,487395,172132,11835,5590,297537,301,35.32,2.43,1.15,61.05,0.06,487395,44569,118541,322887,1398,100,9.14,24.32,66.25,0.29,87.15,5.42,1.27,0.78,5.37,1.55,97.65,0.04,0.31,0.44,0,0,0.02,43.37,21.81,17.43,9.13,6.18,2.07,77.77,22.23,77.37,22.63,79.95,20.05,50.76,1.88,32.65,14.71,98.3,0.42,0.14,1.13,5.4,67.31,13.62,0.01,0.01,0.07,5.32,8.17,0.05,0.04,63766,54519,9247,487395,16218,44736,77845,107848,95139,62409,36025,19763,11039,6494,9879,4.76
Khulna,Khulna,40,47,670861,2613385,652035,2546670,18532,66406,294,309,595,670567,2613076,658318,2535569,663,35270,11586,42237,2613385,1312166,1301032,187,2546670,1279004,1267509,157,66406,32918,33458,30,309,244,65,0,2613385,1312166,1301032,187,1546339,773564,772703,72,1067046,538602,528329,115,2613076,2535569,35270,42237,97.03,1.35,1.62,1546327,1522850,13794,9683,98.48,0.89,0.63,1066749,1012719,21476,32554,94.94,2.01,3.05,2194854,1097827,1097027,577405,364653,212752,1463374,713443,749931,127841,13053,114788,12167,3112,9055,14067,3566,10501,2055731,1030712,1025019,542403,273911,268492,14037,6925,7112,366,278,88,661,340,321,1.06,100.86,45.09,286.47,0.03,100.11,47.37,300.63,2.81,101.94,41.91,267.04,48145,1546,15969,4299,7055,3311,2741,3404,590,581,493,5384,2772,80.2,83.01,77.37,76.85,80.01,73.7,85.02,87.28,82.73,80.66,83.62,77.7,77.28,80.61,73.97,85.53,87.91,83.11,80.32,81.82,84.96,95.22,65.78,82.62,87.11,88.09,97.8,75.57,78.02,76.43,81.93,86.75,55.48,338187,296677,86398,82834,99306,94993,82931,72218,53209,36816,16343,9816,2398034,1202428,1195606,843058,720949,122109,688592,22831,665761,49389,36373,13016,816995,422275,394720,843058,720949,122109,511818,440007,71811,209336,187798,21538,99865,82876,16989,22039,10268,11771,843058,720949,122109,295111,241362,53749,86610,78036,8574,461337,401551,59786,31.91,10.73,51.72,35.09,11.52,56.84,27.79,9.72,44.99,24.53,11.54,37.34,27.51,12.67,41.75,20.58,10.08,31.3,39.12,9.9,65.07,42.65,10.34,71.31,34.65,9.36,57.17,60.02,71.07,48.9,55.95,69.4,42.53,65.87,73.46,58.15,71.95,85.67,58.36,67.21,83.73,50.94,78.74,88.43,69.07,31.93,40.28,23.52,25.04,33.95,16.15,41.85,49.32,34.25,36.64,46.82,26.55,28.81,39.58,18.2,47.86,57.13,38.6,31.52,37.85,25.25,28.4,34.36,22.52,35.99,42.81,29.18,46.62,61.04,32.34,45.09,60.14,30.28,48.82,62.33,35.31,3260,1709,52.42,1551,47.58,2663209,1.61,1344044,1.64,1318954,1.58,211,2.6,3921,0.84,670861,392827,278034,652035,391225,260810,18532,1590,16942,294,12,282,670567,392815,277752,658318,390471,267847,663,263,400,11586,2081,9505,658318,376331,5339,141444,50685,9767,74010,431,311,57.17,0.81,21.49,7.7,1.48,11.24,0.07,0.05,658318,193178,426190,30604,8026,273,47,29.34,64.74,4.65,1.22,0.04,0.01,658318,322910,47559,8468,278923,458,49.05,7.22,1.29,42.37,0.07,658318,183506,153170,307441,14201,100,27.87,23.27,46.7,2.16,74.23,13.54,9.07,0.94,2.22,7.73,75.16,4.94,0.07,5.29,0,6.8,0.02,56.06,12.96,23.18,4.27,3.23,0.31,76.41,23.59,76.5,23.5,76.28,23.72,71.9,2.88,13.73,11.49,98.7,0.6,0.1,0.59,2.69,54.24,18.25,0.01,0,0.45,0,24.16,0.11,0.08,17169,8309,8860,658318,30288,92619,163690,184100,104206,47616,18781,8471,4153,2108,2286,3.85
Khulna,Kushtia,40,50,565339,2149692,562835,2141379,2261,8060,243,253,1336,565096,2149439,562698,2119248,359,19347,2039,10844,2149692,1055875,1093724,93,2141379,1051784,1089503,92,8060,3914,4145,1,253,177,76,0,2149692,1055875,1093724,93,1692681,829176,863448,57,457011,226699,230276,36,2149439,2119248,19347,10844,98.6,0.9,0.5,1692603,1680478,9202,2923,99.28,0.54,0.17,456836,438770,10145,7921,96.05,2.22,1.73,1786433,870165,916268,441971,271541,170430,1229573,585265,644308,100298,8864,91434,8186,2558,5628,6405,1937,4468,2090530,1026312,1064218,58770,29396,29374,246,134,112,39,25,14,14,8,6,0.88,96.54,50.03,304.31,-0.1,96.03,51.28,312.6,5.89,98.45,45.57,274.61,36329,1140,13994,3157,4265,2816,2259,1640,180,422,289,4329,1838,68.53,69.59,67.51,65.86,66.68,65.08,78.33,80.13,76.57,69.01,70.19,67.88,66.31,67.25,65.42,78.88,80.8,77.01,68.82,75.37,87.89,75.68,15.38,69.94,78.49,88.33,78.26,28.57,67.75,72.27,87.38,71.43,0,274543,246716,73029,70434,93537,91482,69848,59738,29579,19537,8550,5525,1964488,961751,1002737,671763,591051,80712,622332,17114,605218,21866,16932,4934,648527,336654,311873,671763,591051,80712,343630,308345,35285,197138,179193,17945,112598,96373,16225,18397,7140,11257,671763,591051,80712,331119,279421,51698,74038,68220,5818,266606,243410,23196,33.52,10.23,54.53,34.86,10.44,56.81,28.88,9.49,46.6,24.37,10.29,38.21,25.49,10.57,40.12,20.35,9.3,31.32,44.46,10.14,72.36,46.3,10.26,75.36,38.44,9.73,62.32,53.33,67.28,39.94,51.08,66.25,36.6,61.59,71.01,52.36,65.29,83.27,48.51,62.68,82.22,44.57,74.76,87.05,63,26.06,33.83,18.61,23.2,30.94,15.81,36.59,44.31,29.02,30.48,40.25,21.35,27.19,36.92,18.17,42.38,52.14,33.04,26.93,33.74,20.57,24.85,31.47,18.72,34.45,41.87,27.37,39.01,53.79,25.21,37.37,52.28,23.54,44.96,59.18,31.36,2117,1068,50.45,1049,49.55,2327307,1.41,1159450,1.42,1167752,1.4,105,1.29,4764,1.02,565339,444370,120969,562835,444268,118567,2261,28,2233,243,74,169,565096,444296,120800,562698,443402,119296,359,220,139,2039,674,1365,562698,347260,1839,164040,10018,895,38203,411,32,61.71,0.33,29.15,1.78,0.16,6.79,0.07,0.01,562698,104873,455385,1943,365,101,31,18.64,80.93,0.35,0.06,0.02,0.01,562698,283039,15192,1219,263075,173,50.3,2.7,0.22,46.75,0.03,562698,95527,164064,302464,643,100,16.98,29.16,53.75,0.11,93.5,3.59,0.7,0.39,1.82,2.54,97.42,0.02,0.01,0,0,0,0,58.85,9.39,22.13,3.31,6.01,0.31,77.38,22.62,76.55,23.45,80.47,19.53,78.83,1.92,11.53,7.72,99.26,0.35,0.01,0.38,18.78,59.21,12.21,0.01,0,0.37,0,9.31,0.08,0.02,34944,29456,5488,562698,24033,91729,137661,157182,88646,38729,14062,5535,2555,1271,1295,3.77
Mymensingh,Jamalpur,45,39,652047,2499738,651257,2496869,697,2767,93,102,1182,651954,2499636,649427,2475535,367,15679,2160,8422,2499738,1216204,1283423,111,2496869,1214808,1281950,111,2767,1327,1440,0,102,69,33,0,2499738,1216204,1283423,111,1849245,898503,950686,56,650493,317701,332737,55,2499636,2475535,15679,8422,99.04,0.63,0.34,1849235,1839692,5853,3690,99.48,0.32,0.2,650401,635843,9826,4732,97.76,1.51,0.73,2023131,971923,1051208,526170,315692,210478,1361183,641914,719269,119595,9471,110124,9738,2425,7313,6445,2421,4024,2458607,1195728,1262879,39824,19839,19985,1052,556,496,97,56,41,47,25,22,0.77,94.76,56.91,349.04,-0.26,94.51,57.89,356.05,4.6,95.48,54.17,329.75,36440,1290,12152,3838,4195,3154,3560,1915,150,450,379,3997,1360,61.32,63.73,59.06,58.89,61.18,56.74,68.21,70.91,65.66,61.7,64.27,59.29,59.23,61.67,56.95,68.68,71.57,65.95,61.56,69.39,74.73,72.73,51.22,64.11,73.16,77.46,68.63,56.52,59.18,65.64,71.63,78.38,44.44,343089,311144,98223,93489,120431,114820,84634,73436,30365,22894,9436,6505,2261349,1094722,1166627,671087,580644,90443,718552,55927,662625,37996,27665,10331,833714,430486,403228,671087,580644,90443,341000,300318,40682,155379,138094,17285,137944,120289,17655,36764,21943,14821,671087,580644,90443,375926,314198,61728,77838,71877,5961,217323,194569,22754,34.73,14.06,52.42,35.36,14.44,53.37,33.04,13.02,49.91,24.84,13.77,35.63,25.28,14.13,36.3,23.65,12.79,33.86,47.52,14.48,71.35,48.53,14.92,72.63,44.86,13.35,67.94,49.87,63.04,37.5,48.68,62.47,35.77,53.24,64.66,42.43,62.81,80.68,46.69,61.38,80.04,44.6,66.82,82.45,52.6,19.55,27.04,12.52,17.56,24.87,10.72,25.18,33.14,17.65,23.79,33.57,14.98,21.5,31.01,12.95,30.23,40.71,20.7,17.61,22.22,13.46,15.65,19.78,11.92,23.13,29.01,17.79,37.75,51.55,25.3,36.93,50.68,24.56,40.05,53.97,27.39,1222,634,51.88,588,48.12,2977511,1.8,1481741,1.81,1495627,1.79,143,1.76,5123,1.1,652047,486235,165812,651257,485934,165323,697,291,406,93,10,83,651954,486225,165729,649427,484956,164471,367,198,169,2160,1071,1089,649427,125601,1150,508333,4644,1129,8120,319,131,19.34,0.18,78.27,0.72,0.17,1.25,0.05,0.02,649427,37386,607590,3880,195,198,178,5.76,93.56,0.6,0.03,0.03,0.03,649427,213699,7344,9421,418389,574,32.91,1.13,1.45,64.42,0.09,649427,34835,79347,533275,1970,100,5.36,12.22,82.11,0.3,95.69,2.59,0.51,0.27,0.94,0.97,98.89,0.04,0.05,0.02,0,0,0.03,41.8,16.94,25.79,7.33,6.91,1.24,68.67,31.33,67.86,32.14,71.05,28.95,56.55,2.77,23.12,17.56,98.08,0.87,0.22,0.83,23.37,66.33,3.18,0.01,0.01,0.1,2.1,4.76,0.06,0.07,23323,18815,4508,649427,39946,102476,143325,170201,108694,49121,19836,8148,3739,1931,2010,3.81
Khulna,Magura,40,55,254154,1033115,253940,1032322,199,778,15,15,994,254139,1033100,252920,1017133,304,11476,915,4491,1033115,509013,524062,40,1032322,508618,523664,40,778,385,393,0,15,10,5,0,1033115,509013,524062,40,837891,411990,425880,21,195224,97023,98182,19,1033100,1017133,11476,4491,98.45,1.11,0.43,837889,829896,6467,1526,99.05,0.77,0.18,195211,187237,5009,2965,95.92,2.57,1.52,845412,412869,432543,219702,136645,83057,572252,270774,301478,47294,3799,43495,3075,712,2363,3089,939,2150,870445,427849,442596,162136,80928,81208,279,132,147,26,14,12,189,90,99,1.05,97.13,53.77,338.72,0.43,96.74,54.81,346.9,4.3,98.82,49.48,304.78,15174,493,5792,1351,1851,1275,1137,753,51,190,127,1516,638,71.44,73.42,69.52,69.73,71.65,67.89,78.69,80.87,76.54,72.21,74.37,70.14,70.51,72.6,68.52,79.42,81.76,77.13,72.13,72.62,79.84,83.33,75.61,73.7,77.68,80.51,71.43,81.71,70.63,67.59,79.29,100,69.51,135833,120424,37929,36400,45422,43713,34278,28410,14224,9292,3980,2609,936445,459660,476785,301158,267595,33563,296158,11060,285098,12186,9492,2694,326943,171513,155430,301158,267595,33563,150499,134958,15541,71451,65184,6267,68698,62494,6204,10510,4959,5551,301158,267595,33563,165822,143699,22123,25790,23900,1890,109546,99996,9550,34.64,11.82,55.84,35.88,12.34,57.71,29.65,9.73,48.24,25.11,11.78,38.72,26.06,12.42,40.03,21.23,9.17,33.4,45.76,11.87,73.92,47.37,12.23,76.38,39.31,10.43,63.94,53.13,66.4,40.33,51.48,65.65,37.88,60.13,69.53,50.86,65.81,83.19,49.52,63.81,82.33,46.56,74.26,86.81,62.22,25.03,33.35,17.02,23.03,31.34,15.06,33.56,41.78,25.46,29.86,40.47,19.92,27.47,38.06,17.6,39.97,50.54,29.85,26.62,32.66,20.96,24.42,30.18,19.06,35.89,42.98,29.08,40.95,55.44,27.37,39.91,54.62,26.19,45.38,58.88,32.45,8548,4254,49.77,4294,50.23,1126223,0.68,563817,0.69,562356,0.67,50,0.62,2689,0.58,254154,205404,48750,253940,205402,48538,199,0,199,15,2,13,254139,205402,48737,252920,204849,48071,304,188,116,915,365,550,252920,117602,508,122357,6051,660,5199,508,35,46.5,0.2,48.38,2.39,0.26,2.06,0.2,0.01,252920,47924,203180,1588,112,108,8,18.95,80.33,0.63,0.04,0.04,0,252920,103139,5225,721,143725,110,40.78,2.07,0.29,56.83,0.04,252920,41030,44335,166695,860,100,16.22,17.53,65.91,0.34,95.32,3.46,0.41,0.25,0.56,1.58,98.36,0.04,0,0,0,0,0,61.47,3.94,30.25,1.99,2.16,0.19,80.67,19.33,81.2,18.8,78.42,21.58,75.63,1.5,13.15,9.73,99.31,0.1,0.13,0.46,20.74,66.18,6.72,0.01,0,0.04,0,6.21,0.05,0.04,17913,15506,2407,252920,9125,34081,55723,69961,45159,21865,9005,3883,1984,1014,1120,4.02
Khulna,Meherpur,40,57,195322,705356,195180,704783,142,573,0,0,951,195322,705356,194749,699477,124,4072,449,1807,705356,340093,365237,26,704783,339826,364931,26,573,267,306,0,0,0,0,0,705356,340093,365237,26,546471,262943,283516,12,158885,77150,81721,14,705356,699477,4072,1807,99.17,0.58,0.26,546471,543781,2032,658,99.51,0.37,0.12,158885,155696,2040,1149,97.99,1.28,0.72,601072,286919,314153,131382,81442,49940,429270,200557,228713,33719,3184,30535,4717,1161,3556,1984,575,1409,690323,332779,357544,8497,4209,4288,6478,3089,3389,16,5,11,16,11,5,0.65,93.12,44.2,249.19,-0.41,92.74,44.47,249.64,5.73,94.41,43.3,247.64,15819,403,5934,1147,2698,995,933,951,189,200,130,1825,414,67.88,68.56,67.26,65.97,66.42,65.56,74.45,75.86,73.13,68.14,68.92,67.43,66.22,66.75,65.74,74.74,76.27,73.3,68.07,67.72,76.01,78.57,42.86,68.84,70.18,74.82,80,44.44,67.36,65.31,77.09,77.78,40,82798,73657,21931,21256,28419,27441,21880,17984,8375,5341,2193,1635,652818,313381,339437,223700,199205,24495,225252,5776,219476,7705,5832,1873,196161,102568,93593,223700,199205,24495,105309,95094,10215,51680,46954,4726,59949,54551,5398,6762,2606,4156,223700,199205,24495,136513,118545,17968,10880,10444,436,76307,70216,6091,37.6,12.19,59.61,38.46,12.51,61.15,34.64,11.07,54.42,28.98,12.3,44.45,30.05,12.79,46.13,25.23,10.53,38.63,47.9,12.06,76.54,48.6,12.14,78.15,45.54,11.76,71.27,53.56,68,40.22,51.88,67.23,37.77,59.32,70.63,48.71,63.76,81.93,47.48,61.76,80.96,44.63,70.63,85.25,57.37,31.45,39.21,24.28,29.14,36.94,21.98,39.38,46.94,32.3,35.38,44.91,26.84,32.96,42.51,24.45,43.68,53.11,35.13,23.35,29.52,17.83,21.14,27.01,15.9,30.98,38.09,24.52,37.47,49.23,26.94,35.94,47.73,25.42,42.74,54.34,32.22,161,42,26.09,119,73.91,734470,0.44,357198,0.44,377246,0.45,26,0.32,2763,0.59,195322,152313,43009,195180,152313,42867,142,0,142,0,0,0,195322,152313,43009,194749,152071,42678,124,67,57,449,175,274,194749,147614,472,25935,7224,409,12996,75,24,75.8,0.24,13.32,3.71,0.21,6.67,0.04,0.01,194749,92488,100006,1498,705,48,4,47.49,51.35,0.77,0.36,0.02,0,194749,109196,4190,1011,80307,45,56.07,2.15,0.52,41.24,0.02,194749,78975,30071,85041,662,100,40.55,15.44,43.67,0.34,96.88,2.03,0.28,0.19,0.61,2.78,96.8,0.37,0.03,0,0,0,0.01,52.65,11.69,22.03,5.62,7.57,0.43,75.33,24.67,74.02,25.98,80.01,19.99,75.75,4.66,10.51,9.09,99.38,0.05,0.06,0.5,17.4,62.7,14.05,0,0,0.03,0,5.68,0.12,0.02,25380,21008,4372,194749,9731,37338,51675,50843,26543,11631,4149,1557,688,342,252,3.59
Khulna,Narail,40,65,195660,788671,195292,787349,344,1297,24,25,815,195636,788646,194479,774876,232,9513,925,4257,788671,383592,405053,26,787349,382920,404403,26,1297,656,641,0,25,16,9,0,788671,383592,405053,26,614029,297528,316483,18,174642,86064,88570,8,788646,774876,9513,4257,98.25,1.21,0.54,614014,605834,5978,2202,98.67,0.97,0.36,174632,169042,3535,2055,96.8,2.02,1.18,640644,307293,333351,170094,104854,65240,424550,197524,227026,40166,3203,36963,2941,798,2143,2893,914,1979,663937,321565,342372,124463,61887,62576,194,104,90,40,30,10,11,6,5,0.79,94.7,56.1,348.84,0.07,94.01,57.21,356,3.92,97.17,52.31,324.19,14169,371,5061,1088,2194,1144,811,1055,185,239,177,1359,485,73.84,75.21,72.55,72.71,74.02,71.49,77.78,79.3,76.32,74.66,76.19,73.22,73.55,75.03,72.18,78.51,80.16,76.92,74.78,74,80.9,75.68,40,75.83,77.94,82.8,86.21,50,73.82,70.11,78.82,37.5,25,102477,93412,29982,28091,35941,34306,24850,22265,9104,6789,2600,1961,712453,344714,367739,220879,195569,25310,243251,12991,230260,9985,7862,2123,238338,128292,110046,220879,195569,25310,116135,104604,11531,53438,48466,4972,43456,38816,4640,7850,3683,4167,220879,195569,25310,127082,110264,16818,16419,15612,807,77378,69693,7685,36.61,13.1,56.9,37.44,13.48,58.02,33.71,11.81,52.94,26.76,12.92,39.93,27.39,13.24,40.8,24.56,11.77,36.84,48.47,13.35,75.4,49.58,13.79,76.81,44.61,11.85,70.42,54.18,64.01,44.97,52.76,63.09,43.16,59.14,67.18,51.38,67.69,81.4,55.35,66.03,80.39,53.22,73.42,84.83,62.85,27.35,34.52,20.62,24.99,32.14,18.33,35.59,42.67,28.75,32.39,41.91,23.82,29.84,39.35,21.35,41.21,50.59,32.52,25.3,29.91,21.15,23.15,27.53,19.24,32.74,38,27.86,40.06,51.16,30.08,39.17,50.16,29.37,43.16,54.56,32.59,8278,4205,50.8,4073,49.2,873347,0.53,432974,0.53,440346,0.53,27,0.33,2127,0.46,195660,151728,43932,195292,151701,43591,344,13,331,24,14,10,195636,151714,43922,194479,151025,43454,232,162,70,925,527,398,194479,95347,613,85379,10505,578,1661,344,52,49.03,0.32,43.9,5.4,0.3,0.85,0.18,0.03,194479,35332,156964,1926,110,61,86,18.17,80.71,0.99,0.06,0.03,0.04,194479,84616,5335,4243,100151,134,43.51,2.74,2.18,51.5,0.07,194479,32072,44490,116825,1092,100,16.49,22.88,60.07,0.56,94.25,3.92,0.59,0.36,0.88,2.09,96.66,0.56,0.11,0.53,0,0,0.06,49.26,10.48,30.62,5.69,3.52,0.43,80.82,19.18,80.96,19.04,80.34,19.66,67.35,4.41,15.15,13.09,99.03,0.14,0.13,0.7,8.3,71.2,12.67,0.01,0.01,0.06,0,7.62,0.06,0.07,14435,11105,3330,194479,8610,26878,44433,51296,33146,16457,7078,3187,1605,844,945,3.98
Khulna,Satkhira,40,87,566752,2196582,564962,2190450,1695,6035,95,97,574,566657,2196485,564173,2169317,408,17061,2076,10107,2196582,1093554,1102936,92,2190450,1090571,1099790,89,6035,2923,3109,3,97,60,37,0,2196582,1093554,1102936,92,1764531,877945,886543,43,432051,215609,216393,49,2196485,2169317,17061,10107,98.76,0.78,0.46,1764484,1749054,10702,4728,99.13,0.61,0.27,432001,420263,6359,5379,97.28,1.47,1.25,1835791,908339,927452,420827,270024,150803,1290773,624111,666662,101838,9342,92496,12359,2172,10187,9994,2690,7304,1851432,919487,931945,337137,170137,167000,6156,3016,3140,99,59,40,1666,855,811,0.9,99.15,46.28,298.03,-0.12,99.03,46.67,301.19,6.95,99.64,44.72,285.47,39594,1157,15441,3668,4904,3022,2136,2320,353,418,344,4677,1154,74.94,78.11,71.81,73.75,76.92,70.63,79.75,82.92,76.6,75.32,78.68,72.03,74.14,77.5,70.85,80.13,83.47,76.84,74.95,77.38,73.43,79.78,66.2,77.79,83.34,78.3,83.93,73.19,72.18,71.33,68.83,72.73,58.86,257679,222380,72983,69824,81662,77960,64011,52440,29688,17256,9335,4900,2008366,997203,1011163,717421,626685,90736,629325,13895,615430,30130,23226,6904,631490,333397,298093,717421,626685,90736,393601,350492,43109,176684,159306,17378,126000,109224,16776,21136,7663,13473,717421,626685,90736,362358,300686,61672,48472,45993,2479,306591,280006,26585,37.67,11.79,60.91,38.44,12.08,62.3,34.62,10.65,55.51,29.31,12.58,45.21,30.02,12.95,46.38,26.44,11.03,40.59,46.47,10.92,76.58,47.38,11.09,78.3,42.96,10.24,70,56.77,70.49,43.24,55.72,70.11,41.55,61.06,72.06,50.14,68.08,85.18,51.54,66.82,84.7,49.54,73.22,87.15,59.69,24.72,34.08,15.5,22.81,32.22,13.55,32.5,41.62,23.44,28.55,40.01,17.47,26.42,37.91,15.32,37.23,48.55,26.24,26.98,34.78,19.43,25.46,33.1,18.08,33.18,41.63,24.97,44.42,60.22,29.14,43.81,59.77,28.4,46.9,62.06,32.17,3865,1983,51.31,1882,48.69,2332344,1.41,1171525,1.43,1160710,1.39,109,1.34,4536,0.97,566752,454361,112391,564962,453570,111392,1695,746,949,95,45,50,566657,454316,112341,564173,452963,111210,408,284,124,2076,1069,1007,564173,370448,2709,43672,43307,3085,100135,524,293,65.66,0.48,7.74,7.68,0.55,17.75,0.09,0.05,564173,171574,305653,22079,64013,766,88,30.41,54.18,3.91,11.35,0.14,0.02,564173,244519,14763,5660,298814,417,43.34,2.62,1,52.96,0.07,564173,140954,109889,305392,7938,100,24.98,19.48,54.13,1.41,94.69,3.03,0.53,0.35,1.41,2.33,71.19,14.78,0.01,7.66,0,4.01,0.03,48.83,15.92,24.48,4.3,6.06,0.42,78.74,21.26,78.35,21.65,80.33,19.67,66.12,2.27,17.21,14.4,98.6,0.6,0.22,0.57,5.28,75.38,14.28,0.01,0.01,0.07,0,4.86,0.07,0.04,20170,16852,3318,564173,23458,80849,140876,159388,89612,41162,15534,6585,3420,1654,1635,3.85
Mymensingh,Mymensingh,45,61,1460904,5899005,1453866,5872638,6668,25959,370,408,1342,1460534,5898597,1443772,5737380,1857,100797,14905,60420,5899005,2899718,2999029,258,5872638,2886792,2985611,235,25959,12641,13296,22,408,285,122,1,5899005,2899718,2999029,258,4547989,2220727,2327158,104,1351016,678991,671871,154,5898597,5737380,100797,60420,97.27,1.71,1.02,4547860,4476003,46829,25028,98.42,1.03,0.55,1350737,1261377,53968,35392,93.38,4,2.62,4696168,2282763,2413405,1338719,788228,550491,3071997,1463043,1608954,249808,20644,229164,18626,4979,13647,17018,5869,11149,5665401,2783289,2882112,202432,101271,101161,29736,14489,15247,402,244,158,776,425,351,1.28,96.69,59.6,384.19,0.47,95.43,62.19,403.68,4.68,101.06,51.45,322.8,82420,3674,26955,9164,8725,7968,6506,4351,342,1068,871,8777,4019,70.24,71.5,69.03,67.41,68.52,66.35,79.61,81.01,78.2,70.89,72.31,69.54,68.04,69.32,66.84,80.28,81.81,78.75,70.6,77.55,78.6,81.62,69.49,71.94,80.75,80.02,84.21,74.39,69.32,74.37,77.26,77.46,63.39,782509,741766,242411,230980,271238,268715,177832,169513,69338,57066,21690,15492,5285501,2587530,2697971,1665058,1413430,251628,1551448,98695,1452753,74200,54944,19256,1994795,1020461,974334,1665058,1413430,251628,899109,758759,140350,383036,343761,39275,307741,268906,38835,75172,42004,33168,1665058,1413430,251628,747681,618026,129655,277299,227191,50108,640078,568213,71865,35.36,14.33,53.19,37.64,15.53,55.95,28.75,11.01,44.82,26.72,15.45,37.36,28.51,16.88,39.22,21.4,11.36,31.57,45.2,12.88,69.41,48.21,13.74,73.39,36.74,10.58,57.75,51.11,63.27,39.44,48.9,62.16,36.38,58.4,66.81,49.93,65.15,81.71,49.77,62.57,80.6,46.08,73.51,85.17,62.13,22.75,30.8,15.02,19.34,27.29,11.84,34.01,42.04,25.9,28.03,38.7,18.12,23.95,34.47,14.33,41.26,51.96,30.81,17.4,22.52,12.64,14.67,19.39,10.36,26.24,32.32,20.3,34.9,47.97,22.76,32.77,45.75,20.91,41.79,54.96,28.94,27652,13444,48.62,14208,51.38,6771324,4.1,3374679,4.13,3396311,4.07,334,4.11,13295,2.85,1460904,1133417,327487,1453866,1132581,321285,6668,713,5955,370,123,247,1460534,1133294,327240,1443772,1125963,317809,1857,1101,756,14905,6230,8675,1443772,459145,4616,870799,11588,3479,93100,815,230,31.8,0.32,60.31,0.8,0.24,6.45,0.06,0.02,1443772,133572,1296865,11514,563,854,404,9.25,89.82,0.8,0.04,0.06,0.03,1443772,469432,32869,12304,926941,2226,32.51,2.28,0.85,64.2,0.15,1443772,125388,271697,1040131,6556,100,8.68,18.82,72.04,0.45,90.05,7.72,1.03,0.33,0.87,1.9,97.82,0.07,0.05,0.06,0,0,0.1,42.66,18.62,23.9,7.77,5.81,1.23,67.49,32.51,66.37,33.63,71.41,28.59,55.67,2.47,24.99,16.87,98.9,0.24,0.2,0.66,5.05,78.04,2.82,0.01,0.02,0.22,6.77,6.89,0.1,0.08,59469,49659,9810,1443772,72963,217948,311869,360872,245811,125978,57404,25716,11967,6244,7000,3.97
Rajshahi,Joypurhat,50,38,765457,2784599,765151,2783585,239,915,67,99,811,765390,2784500,761693,2731917,752,37136,2945,15447,2784599,1375156,1409305,138,2783585,1374647,1408800,138,915,453,462,0,99,56,43,0,956431,472657,483685,89,732250,361347,370851,52,224181,111310,112834,37,956356,938110,11618,6628,98.09,1.21,0.69,732248,725093,5469,1686,99.02,0.75,0.23,224108,213017,6149,4942,95.05,2.74,2.21,815976,400674,415302,182655,114120,68535,570300,276911,293389,52905,6180,46725,6297,2126,4171,3819,1337,2482,859875,424210,435665,87591,44068,43523,4756,2293,2463,169,90,79,3951,1996,1955,0.41,97.72,43.26,258.07,-0.45,97.44,43.53,260.2,3.94,98.65,42.37,251.21,20630,476,6865,1912,3585,1359,1113,1366,373,290,196,2400,695,73.57,76.59,70.63,71.71,74.75,68.76,79.63,82.55,76.75,73.73,76.93,70.64,71.89,75.11,68.78,79.74,82.81,76.73,74.01,71.41,76.96,78.06,61.98,77.02,76.25,80.61,82.35,66.55,71.09,66.53,73.56,72.86,57.38,116580,100859,29982,28822,37997,35428,30792,25896,13789,8533,4020,2180,884746,436122,448624,279340,243644,35696,321255,43869,277386,14519,10300,4219,269632,138309,131323,279340,243644,35696,140134,122435,17699,67734,61116,6618,52668,46561,6107,18804,13532,5272,279340,243644,35696,153320,131077,22243,16359,15324,1035,109661,97243,12418,35.09,13.44,54.47,37.24,14.47,57.61,28.55,10.3,44.89,25.27,11.65,38.09,27.19,12.55,41.04,19.37,8.84,29.13,46.42,15.64,72.42,48.84,16.83,75.71,39.07,12.06,62.32,56.43,70.67,42.59,54.5,69.98,39.5,62.73,72.9,52.75,66.75,84.29,50.07,64.3,83.33,46.29,74.8,87.41,62.62,23.99,31.83,16.37,21.17,28.98,13.61,33.19,41.09,25.45,27.13,36.55,18.18,24.01,33.34,15.17,37.42,46.98,28.2,28.46,36.05,21.25,26.74,34.21,19.65,34.14,42.01,26.53,42.52,59.37,26.49,41.14,58.38,24.82,47.07,62.62,32.06,26325,13136,49.9,13189,50.1,1017466,0.62,508798,0.62,508576,0.61,92,1.13,1651,0.35,269905,208768,61137,268239,208063,60176,1629,703,926,37,2,35,269868,208766,61102,268398,208152,60246,250,141,109,1220,473,747,268398,137511,582,19831,2963,1120,106079,211,101,51.23,0.22,7.39,1.1,0.42,39.52,0.08,0.04,268398,38166,228502,1414,64,91,161,14.22,85.14,0.53,0.02,0.03,0.06,268398,87238,4506,1109,175270,275,32.5,1.68,0.41,65.3,0.1,268398,32684,55301,180118,295,100,12.18,20.6,67.11,0.11,93.82,3.47,0.69,0.37,1.65,3.08,96.9,0.01,0,0.01,0,0,0,55.88,9.27,19.15,3.28,7.62,4.8,68.25,31.75,66.29,33.71,74.8,25.2,65.92,2.43,10.91,20.74,98.9,0.06,0.07,0.96,51.11,39.8,1.21,0.01,0,0.3,0,7.35,0.19,0.03,9894,8115,1779,268398,16810,52437,73426,69945,33403,14146,4685,1895,879,396,376,3.5
Mymensingh,Netrakona,45,72,548443,2324853,547633,2321773,718,2977,92,103,832,548351,2324750,544542,2281021,691,31896,3118,11833,2324853,1139638,1185027,188,2321773,1138100,1183486,187,2977,1470,1507,0,103,68,34,1,2324853,1139638,1185027,188,1964560,960008,1004416,136,360293,179630,180611,52,2324750,2281021,31896,11833,98.12,1.37,0.51,1964515,1937301,20894,6320,98.61,1.06,0.32,360235,343720,11002,5513,95.42,3.05,1.53,1824613,882772,941841,545275,321464,223811,1150024,549188,600836,119328,8651,110677,4186,1356,2830,5800,2113,3687,2102913,1030082,1072831,202638,100148,102490,17699,8730,8969,181,97,84,1234,581,653,0.37,96.17,66.02,420.2,-0.08,95.58,67.76,434.6,3.35,99.46,57.16,346.92,36586,1337,11528,3309,4380,3895,2695,2599,248,512,404,4343,1336,65.46,66.47,64.49,63.27,64.07,62.51,77.18,79.03,75.36,66.25,67.41,65.15,64.06,65.01,63.17,77.88,79.87,75.93,65.52,72.56,75.76,83.03,72.68,66.46,75.8,77.4,86.67,71.92,64.64,69.43,74.18,78.67,73.37,310786,297869,100248,94348,113150,109653,66676,67845,22865,20260,7847,5763,2072005,1011161,1060844,614408,533981,80427,614223,40438,573785,31452,23178,8274,811922,413564,398358,614408,533981,80427,261464,228575,32889,151335,134265,17070,170416,153891,16525,31193,17250,13943,614408,533981,80427,375140,318839,56301,49724,46091,3633,189544,169051,20493,36.56,15.47,54.4,37.95,16.2,56.16,29.54,11.87,45.25,27.2,16.79,37.21,28.45,17.7,38.73,20.88,12.23,29.44,48.2,13.55,73.14,49.77,14,75.12,40.28,11.37,62.79,48.73,60.94,37.09,47.22,60.18,34.95,56.83,64.95,48.8,63.52,80.92,47.62,61.7,80.1,45.01,73.04,85.16,61.61,16.54,23.61,9.8,14.37,21.26,7.85,28.16,35.93,20.48,20.74,30.4,11.91,18.1,27.48,9.58,34.61,45.46,24.37,16.76,21.3,12.62,14.91,19.07,11.13,26.52,32.82,20.58,34.61,47.73,22.63,33.3,46.2,21.58,41.53,55.59,28.25,21605,10539,48.78,11066,51.22,2765615,1.67,1379404,1.69,1385999,1.66,212,2.61,4005,0.86,548443,463913,84530,547633,463808,83825,718,64,654,92,41,51,548351,463872,84479,544542,461484,83058,691,506,185,3118,1882,1236,544542,132464,560,387281,13232,3011,7660,243,91,24.33,0.1,71.12,2.43,0.55,1.41,0.04,0.02,544542,24928,511575,7415,153,298,173,4.58,93.95,1.36,0.03,0.05,0.03,544542,118163,4895,5855,415313,316,21.7,0.9,1.08,76.27,0.06,544542,21833,73472,444295,4942,100,4.01,13.49,81.59,0.91,94.95,3.2,0.62,0.35,0.88,1.12,98.3,0.08,0.22,0.25,0,0,0.03,28.36,21.65,24.56,12.4,10.05,2.98,73.06,26.94,71.82,28.18,79.81,20.19,37.88,2.22,33.76,26.15,98.63,0.35,0.23,0.78,4.1,75.74,10.68,0.01,0.02,0.52,2.09,6.7,0.07,0.07,12694,10854,1840,544542,28829,67638,105799,132496,100223,56243,26956,12680,6254,3294,4130,4.19
Mymensingh,Sherpur,45,89,396149,1501853,396007,1501552,53,211,89,90,1101,396060,1501763,394200,1482436,275,12172,1585,7155,1501853,732673,769078,102,1501552,732504,768946,102,211,106,105,0,90,63,27,0,1501853,732673,769078,102,1131754,550810,580907,37,370099,181863,188171,65,1501763,1482436,12172,7155,98.71,0.81,0.48,1131721,1124858,4468,2395,99.39,0.39,0.21,370042,357578,7704,4760,96.63,2.08,1.29,1201179,578905,622274,314569,185640,128929,802409,382788,419621,72594,6326,66268,6836,2206,4630,4771,1945,2826,1455987,710117,745870,36827,18112,18715,8313,4131,4182,73,39,34,551,274,277,0.89,95.27,60.43,380.45,-0.3,94.82,61.94,393.01,6.02,96.65,55.97,343.87,22023,775,6986,2510,2668,1937,1776,1205,123,299,233,2655,856,63.2,65.08,61.42,61.24,63.01,59.59,69.11,71.26,67.04,63.7,65.78,61.75,61.73,63.71,59.89,69.63,71.95,67.42,63.46,72.04,67.11,59.7,55,65.47,76.68,69.11,61.11,59.92,61.58,67.56,65.18,58.06,50,203648,188997,61714,59611,73942,71836,47438,41468,15602,12475,4952,3607,1349279,655208,694071,421813,359691,62122,409622,27243,382379,22999,16560,6439,494845,251714,243131,421813,359691,62122,208778,181476,27302,86117,75277,10840,105957,91388,14569,20961,11550,9411,421813,359691,62122,239844,197955,41889,34109,30452,3657,147860,131284,16576,35.84,13.8,54.35,37.22,14.51,56.24,31.95,11.85,49.04,26.31,14.1,38.1,27.58,14.89,39.88,22.78,11.89,33.15,47.82,13.35,72.1,49.35,13.93,73.91,43.52,11.78,66.9,47.18,61.8,33.39,45.66,61.08,31.2,51.8,63.96,40.1,60.01,79.84,42.01,58.11,78.95,39.29,65.73,82.45,50.27,17.32,24.97,10.11,15.1,22.55,8.12,24.06,32.22,16.21,21.19,31.18,12.11,18.46,28.15,9.72,29.37,40.17,19.39,16.67,22.36,11.49,14.9,20.33,10,21.97,28.4,16.02,37.04,52.57,22.93,36.61,52.29,22.46,38.31,53.38,24.37,11082,5484,49.49,5598,50.51,1800593,1.09,894679,1.09,905794,1.09,120,1.48,2242,0.48,396149,301670,94479,396007,301637,94370,53,0,53,89,33,56,396060,301637,94423,394200,300983,93217,275,140,135,1585,514,1071,394200,64438,388,313859,2761,720,11916,99,19,16.35,0.1,79.62,0.7,0.18,3.02,0.03,0,394200,12329,379438,2237,53,130,13,3.13,96.26,0.57,0.01,0.03,0,394200,125150,3540,375,265057,78,31.75,0.9,0.1,67.24,0.02,394200,11286,48993,332790,1131,100,2.86,12.43,84.42,0.29,96.5,2,0.44,0.27,0.79,1.14,98,0,0.85,0.01,0,0,0,32.48,14.3,36.99,9.24,5.83,1.16,65.53,34.47,63.72,36.28,71.35,28.65,54.33,0.33,27.7,17.64,98.9,0.16,0.1,0.84,11.91,77.6,2.65,0.01,0.01,0.11,1.92,5.68,0.08,0.03,5294,3909,1385,394200,26399,63430,88198,101689,65256,29375,11399,4525,2036,1003,890,3.76
Rajshahi,Naogaon,50,64,501957,1859922,501776,1859571,67,230,114,121,979,501843,1859801,499455,1828058,467,23531,1921,8212,1859922,919977,939878,67,1859571,919785,939719,67,230,104,126,0,121,88,33,0,2784599,1375156,1409305,138,2367790,1166729,1200954,107,416809,208427,208351,31,2784500,2731917,37136,15447,98.11,1.33,0.55,2367747,2338558,23162,6027,98.77,0.98,0.25,416753,393359,13974,9420,94.39,3.35,2.26,2348016,1150195,1197821,511545,324263,187282,1659988,803862,856126,149955,14189,135766,16478,4569,11909,10050,3312,6738,2419111,1192225,1226886,321328,161161,160167,21386,10466,10920,167,81,86,22469,11223,11246,0.61,97.58,44.62,274.46,0.16,97.15,44.83,276.88,3.68,100.04,43.4,260.89,51254,1408,19557,4984,7041,3927,2936,2862,359,620,397,5481,1682,71.86,74.25,69.55,70.31,72.7,68.01,80.62,82.84,78.41,72.24,74.78,69.78,70.7,73.25,68.25,80.95,83.32,78.6,72.93,68.86,63.81,69.08,55.32,75.19,73.46,67.64,77.33,57.68,70.75,64.25,60.15,61.04,52.98,328018,273843,90302,85698,108737,101064,81808,62901,36125,18835,11046,5345,2564212,1262084,1302128,846574,738695,107879,918773,94876,823897,38965,29205,9760,759900,399308,360592,846574,738695,107879,422436,370378,52058,187703,168254,19449,182737,162876,19861,53698,37187,16511,846574,738695,107879,520882,444420,76462,48247,44187,4060,277445,250088,27357,38.09,13.31,60.33,39.56,13.99,62.32,30.51,9.9,49.78,28.87,12.76,44.41,30.35,13.46,46.47,21.36,9.25,33.62,48.29,13.98,76.73,49.7,14.62,78.62,40.87,10.7,66.65,54.43,70.68,38.68,52.98,70.34,36.23,62.66,72.56,52.79,65.06,85.33,45.89,63.23,84.87,42.9,75.46,87.92,63.28,20.03,28.17,12.14,17.54,25.52,9.85,34.09,42.93,25.28,23.01,32.92,13.65,20.28,29.97,11.18,38.57,49.4,27.98,24.93,31.45,18.77,23.46,29.72,17.58,33.29,41.08,25.68,40.81,58.17,24.39,39.85,57.5,23.27,46.26,61.96,30.91,107312,53257,49.63,54055,50.37,2986967,1.81,1490162,1.82,1496654,1.8,151,1.86,4437,0.95,765457,654664,110793,765151,654581,110570,239,54,185,67,29,38,765390,654635,110755,761693,652704,108989,752,532,220,2945,1399,1546,761693,363282,1165,53498,7892,1345,334026,305,180,47.69,0.15,7.02,1.04,0.18,43.85,0.04,0.02,761693,109222,647703,3431,727,223,387,14.34,85.03,0.45,0.1,0.03,0.05,761693,222733,11521,2912,523985,542,29.24,1.51,0.38,68.79,0.07,761693,93274,129532,538013,874,100,12.25,17.01,70.63,0.11,94.13,2.97,0.61,0.35,1.93,7.58,91.98,0.03,0.38,0.01,0,0,0.02,57.96,9.71,18.07,3.31,6,4.96,69.94,30.06,68.25,31.75,79.67,20.33,70.62,2.59,12.77,14.02,99.08,0.14,0.05,0.73,38.86,47.52,6.95,0.01,0,0.07,0,6.51,0.04,0.03,28428,24822,3606,761693,44881,139387,207197,198020,99098,43061,15574,7110,3656,1764,1945,3.59
Rajshahi,Natore,50,69,448028,1835528,444994,1823708,2986,11759,48,61,1078,447980,1835467,446414,1816475,286,12472,1280,6520,1835528,887170,948282,76,1823708,881559,942080,69,11759,5564,6188,7,61,47,14,0,1859922,919977,939878,67,1503756,743455,760272,29,356166,176522,179606,38,1859801,1828058,23531,8212,98.29,1.27,0.44,1503710,1485928,14268,3514,98.82,0.95,0.23,356091,342130,9263,4698,96.08,2.6,1.32,1554012,762871,791141,357826,222780,135046,1090686,527649,563037,90011,8079,81932,8730,2449,6281,6759,1914,4845,1744209,862500,881709,107122,53540,53582,7844,3592,4252,62,36,26,618,309,309,0.76,97.88,47.11,292.63,0.15,97.79,47.6,296.07,3.96,98.28,45.08,278.35,33279,1003,13582,3146,4223,2417,2051,1809,149,403,299,3198,999,71.11,72.93,69.33,69.3,71.04,67.61,78.7,80.86,76.58,71.51,73.45,69.62,69.72,71.58,67.92,79.02,81.29,76.82,71.28,74.17,85.1,75.93,52.6,73.15,77.39,85.65,71.88,55.77,69.47,70.96,84.65,81.82,49.42,230944,197467,63103,59641,76079,71975,58416,46277,25958,15283,7388,4291,1704623,840735,863888,572181,503188,68993,582800,44019,538781,21247,15854,5393,528395,277674,250721,572181,503188,68993,303663,269345,34318,138917,126501,12416,103677,91264,12413,25924,16078,9846,572181,503188,68993,329490,285461,44029,42788,37876,4912,199903,179851,20052,35.77,10.96,58.19,36.77,11.37,59.73,31.76,9.32,51.99,27.09,11.01,42.72,27.98,11.4,44.13,23.48,9.42,37,45.66,10.9,74.56,46.84,11.33,76.3,40.99,9.2,67.63,53.94,69.95,38.36,52.25,69.32,35.65,61.05,72.59,49.78,65.22,85.4,46.07,63.19,84.7,42.82,73.73,88.29,59.78,21.6,30.01,13.42,19.32,27.58,11.29,31.21,40.22,22.4,25.05,35.39,15.24,22.48,32.62,12.86,35.86,46.94,25.24,25.69,32.36,19.36,23.96,30.25,18.01,32.94,41.18,25.04,39.45,56.59,23.18,38.43,55.75,22.02,43.76,60.08,28.11,11198,5462,48.78,5736,51.22,1997029,1.21,998292,1.22,998653,1.2,84,1.03,3166,0.68,501957,407789,94168,501776,407741,94035,67,5,62,114,43,71,501843,407746,94097,499455,406587,92868,467,298,169,1921,861,1060,499455,284717,989,144224,11306,4679,53154,372,14,57.01,0.2,28.88,2.26,0.94,10.64,0.07,0,499455,45480,452310,1454,129,45,37,9.11,90.56,0.29,0.03,0.01,0.01,499455,173117,6655,1441,317950,292,34.66,1.33,0.29,63.66,0.06,499455,39283,130209,329477,486,100,7.87,26.07,65.97,0.1,94.15,2.98,0.64,0.4,1.84,1.73,98.26,0.01,0,0,0,0,0,46.43,13.61,31.33,4.6,3.62,0.4,71.6,28.4,70.52,29.48,76.33,23.67,71.37,1.87,15.02,11.73,99.06,0.14,0.05,0.75,23.33,62.71,6.61,0,0,0.11,0.01,7.15,0.07,0.01,15186,12576,2610,499455,26850,85622,130726,136424,68900,29999,11124,4702,2444,1243,1421,3.66
Rangpur,Kurigram,55,49,605722,2329160,604516,2324869,1164,4249,42,42,1037,605680,2329118,603579,2305840,409,13532,1692,9746,2329160,1145851,1183249,60,2324869,1143747,1181062,60,4249,2077,2172,0,42,27,15,0,2329160,1145851,1183249,60,1822981,895980,926962,39,506179,249871,256287,21,2329118,2305840,13532,9746,99,0.58,0.42,1822972,1812410,6871,3691,99.42,0.38,0.2,506146,493430,6661,6055,97.49,1.32,1.2,1894233,922808,971425,467052,292313,174739,1299839,620704,679135,110317,6050,104267,9946,1622,8324,7079,2119,4960,2185193,1074112,1111081,143376,71474,71902,178,86,92,65,36,29,288,143,145,1.05,96.84,54.94,353,0.4,96.66,55.83,359.13,3.9,97.5,51.82,331.46,39472,1309,14355,3984,4475,3456,2783,2777,180,406,358,4284,1105,64.26,67.24,61.4,62.62,65.55,59.8,70.15,73.25,67.15,65.13,68.35,62.05,63.5,66.69,60.46,70.95,74.25,67.77,64.9,68.56,80.63,64.41,44.62,67.98,73.76,83.12,72.73,41.73,61.96,63.44,78.31,53.85,47.58,300213,261118,80745,77567,105640,100105,75464,60250,29180,18030,9184,5166,2102235,1030114,1072121,639653,556763,82890,697817,61523,636294,46533,35038,11495,718232,376790,341442,639653,556763,82890,344291,308095,36196,130178,114166,16012,127164,110342,16822,38020,24160,13860,639653,556763,82890,399067,337447,61620,63795,59350,4445,176791,159966,16825,37.96,14.91,58.35,39.18,15.66,59.98,33.77,12.34,52.75,28.94,15.29,42.45,30.25,16.27,44.11,24.42,11.89,36.78,48.8,14.4,75.37,49.92,14.83,76.98,44.97,12.94,69.86,51.68,66.68,37.26,50.66,66.3,35.66,55.33,68.03,43.02,64.39,84.22,45.96,63.25,83.96,44.06,68.44,85.12,52.74,15.62,23.61,7.94,13.96,21.68,6.56,21.56,30.48,12.91,19.05,29.36,9.47,17.1,27.07,7.85,25.99,37.4,15.24,18.32,23.19,13.79,17.27,21.79,13.08,22.03,28.1,16.32,45.45,62.63,29.47,44.65,61.97,28.6,48.28,64.96,32.58,275,136,49.45,139,50.55,2573982,1.56,1294330,1.58,1279563,1.53,89,1.1,3779,0.81,605722,475962,129760,604516,475410,129106,1164,543,621,42,9,33,605680,475953,129727,603579,474785,128794,409,234,175,1692,934,758,603579,112466,581,480391,4642,1310,3899,228,62,18.63,0.1,79.59,0.77,0.22,0.65,0.04,0.01,603579,14219,584828,4040,261,106,125,2.36,96.89,0.67,0.04,0.02,0.02,603579,143127,3939,5889,450370,254,23.71,0.65,0.98,74.62,0.04,603579,12604,79764,509505,1706,100,2.09,13.22,84.41,0.28,96.55,1.26,0.39,0.26,1.54,0.82,99.02,0.09,0.01,0.03,0,0,0.03,33.41,12.45,38.21,6.32,8.59,1.02,65.9,34.1,64.72,35.28,70.23,29.77,72.38,2.41,16.5,8.71,96.31,2.08,0.34,1.27,7.52,86.37,2.44,0.01,0.01,0.12,0,3.45,0.04,0.04,7399,5958,1441,603579,33196,89939,142972,166176,95937,42338,17099,7579,3973,2079,2291,3.82
Rajshahi,Pabna,50,76,743558,2909624,740184,2897570,3181,11851,193,203,1225,743365,2909421,738065,2852250,619,32247,4681,24924,2909624,1450225,1459284,115,2897570,1444194,1453266,110,11851,5877,5969,5,203,154,49,0,2909624,1450225,1459284,115,2269547,1128237,1141231,79,640077,321988,318053,36,2909421,2852250,32247,24924,98.03,1.11,0.86,2269472,2242600,18207,8665,98.82,0.8,0.38,639949,609650,14040,16259,95.27,2.19,2.54,2375938,1176049,1199889,617450,379285,238165,1624924,782407,842517,117148,9744,107404,8587,2434,6153,7829,2179,5650,2828271,1408099,1420172,74260,37671,36589,6534,4203,2331,135,83,52,309,169,140,1.27,99.38,53.19,331.33,0.54,98.86,54.66,342.23,4.46,101.24,48.18,293.79,39621,1767,12376,4687,4872,3348,2771,1751,338,483,423,4705,2100,69.88,70.55,69.23,67.47,67.94,67.02,78.33,79.56,77.09,70.49,71.26,69.73,68.06,68.63,67.5,78.97,80.29,77.63,70.3,75.2,93.66,80.16,81.09,70.98,78.13,95.18,87.18,85.71,69.63,72.19,90.84,68.75,75.21,382635,344066,107950,103717,130332,126923,93147,79338,39587,26749,11619,7339,2642233,1313518,1328715,883186,776325,106861,816454,37839,778615,35999,27342,8657,906594,472012,434582,883186,776325,106861,498977,444138,54839,219835,200852,18983,133688,115845,17843,30686,15490,15196,883186,776325,106861,419310,356794,62516,140502,127124,13378,323374,292407,30967,33.97,10.64,55.12,35.28,10.9,57.23,29.58,9.78,47.92,25.35,11.27,39.37,26.42,11.67,41.05,21.66,9.9,33.5,44.16,9.81,71.99,45.94,9.86,74.81,38.41,9.63,62.69,53.33,67.7,39.13,51.44,66.79,36.36,59.98,70.84,49,66.41,84.99,48.48,64.25,84.17,45.18,73.84,87.77,60.03,25.36,34.06,16.76,22.93,31.55,14.45,33.9,42.72,24.99,30.22,41.23,19.6,27.43,38.37,16.97,39.8,50.92,28.79,28.04,34.73,21.59,26.49,33.03,20.23,33.4,40.49,26.37,40.04,56.02,24.62,38.85,55.04,23.36,44.11,59.33,29.02,2369,1200,50.65,1169,49.35,3179285,1.93,1600442,1.96,1578710,1.89,133,1.64,5977,1.28,743558,580684,162874,740184,579586,160598,3181,1025,2156,193,73,120,743365,580611,162754,738065,578337,159728,619,383,236,4681,1891,2790,738065,246212,2087,472785,5570,2249,8028,1017,117,33.36,0.28,64.06,0.75,0.3,1.09,0.14,0.02,738065,116654,618071,2622,174,289,255,15.81,83.74,0.36,0.02,0.04,0.03,738065,342881,14201,6792,373550,641,46.46,1.92,0.92,50.61,0.09,738065,110557,112396,513981,1131,100,14.98,15.23,69.64,0.15,92.64,4.14,0.81,0.44,1.98,3.3,96.49,0.1,0.02,0.02,0,0,0.06,56.74,13.43,22.27,4.02,3.21,0.33,70.88,29.12,69.65,30.35,75.32,24.68,77.54,2.13,12.87,7.45,99.31,0.19,0.09,0.41,18.25,60.4,8.9,0.01,0.01,0.09,4.89,7.21,0.17,0.07,36218,29860,6358,738065,29012,111321,175235,208469,122028,53020,20780,8782,4325,2369,2724,3.86
Rajshahi,Rajshahi,50,81,775245,2915009,769666,2896368,5220,18248,359,393,1202,774886,2914616,767014,2816532,705,45769,7167,52315,2915009,1459225,1455588,196,2896368,1450013,1446168,187,18248,8954,9285,9,393,258,135,0,2915009,1459225,1455588,196,1819606,904252,915251,103,1095403,554973,540337,93,2914616,2816532,45769,52315,96.63,1.57,1.79,1819562,1806185,9514,3863,99.26,0.52,0.21,1095054,1010347,36255,48452,92.26,3.31,4.42,2458921,1224560,1234361,619629,390792,228837,1672027,814148,857879,138028,11887,126141,19121,4775,14346,10116,2958,7158,2739995,1371262,1368733,133505,67570,65935,34880,17126,17754,276,162,114,6157,3105,3052,1.03,100.25,42.01,277.79,0.39,98.8,43.89,293.17,2.21,102.71,38.99,253.16,49186,1368,20607,4450,5798,3712,3291,2383,159,572,479,4500,1867,74.77,77,72.54,70.39,72.64,68.18,81.98,84.03,79.87,75.17,77.54,72.81,70.8,73.21,68.45,82.34,84.5,80.13,75.33,74.46,67.87,78.21,59.81,77.59,78.34,72.84,82.58,64.31,73.09,70.49,63.11,71.57,55.27,403625,328839,94335,89424,113443,105215,107205,81094,69527,42499,19115,10607,2677805,1337886,1339919,920624,804593,116031,843778,39927,803851,43052,31912,11140,870351,461454,408897,920624,804593,116031,521850,457323,64527,220458,199164,21294,153738,135862,17876,24578,12244,12334,920624,804593,116031,445394,383806,61588,64601,58612,5989,410629,362175,48454,30.24,8.58,51.6,34.76,9.5,58.68,24.2,7.4,41.68,23.59,8.66,38.78,26.75,9.47,43.69,18.87,7.5,31.12,36.99,8.49,64.2,43.67,9.53,74.8,28.97,7.31,50.83,56.88,72.29,41.49,52.3,70.9,34.02,64.42,74.53,54.05,67.73,86.68,49.16,62.46,85.32,40.45,76.32,88.85,63.69,25.99,34.9,17.1,18.92,27.82,10.19,37.62,46.3,28.72,29.73,40.51,19.16,21.73,32.46,11.39,42.76,53.33,32.11,28.13,35.06,21.33,24.8,31.63,18.23,33.54,40.53,26.5,41.47,58.06,25.22,37.89,55.46,20.98,47.3,62.19,32.29,47832,23722,49.59,24110,50.41,2988869,1.81,1499332,1.83,1489335,1.79,202,2.49,3717,0.8,775245,497121,278124,769666,496970,272696,5220,112,5108,359,39,320,774886,497082,277804,767014,495947,271067,705,222,483,7167,913,6254,767014,497925,5755,72164,9345,2600,178800,346,79,64.92,0.75,9.41,1.22,0.34,23.31,0.05,0.01,767014,199512,563077,3518,382,155,370,26.01,73.41,0.46,0.05,0.02,0.05,767014,310004,39268,3626,413614,502,40.42,5.12,0.47,53.93,0.07,767014,181117,157233,427301,1363,100,23.61,20.5,55.71,0.18,90.01,6.67,1.61,0.38,1.33,16.38,83.3,0.19,0.07,0.02,0,0,0.05,57.9,9.27,22.99,4.15,4.75,0.93,72.77,27.23,70.59,29.41,76.73,23.27,75.35,1.01,13.22,10.43,98.26,0.97,0.07,0.7,28.8,51.88,4.93,0.03,0,0.48,2.51,11.23,0.06,0.08,17411,12083,5328,767014,41278,126056,203397,211631,106257,45664,17247,7791,3737,1864,2092,3.67
Rangpur,Lalmonirhat,55,52,342028,1428406,339266,1417973,2602,10259,160,174,1145,341868,1428232,340662,1413455,276,11129,930,3648,1428406,714500,713864,42,1417973,709358,708576,39,10259,5013,5243,3,174,129,45,0,1428406,714500,713864,42,1136737,569156,567551,30,291669,145344,146313,12,1428232,1413455,11129,3648,98.97,0.78,0.26,1136656,1127983,6336,2337,99.24,0.56,0.21,291576,285472,4793,1311,97.91,1.64,0.45,1165114,579598,585516,312058,192351,119707,780438,380498,399940,64919,4660,60259,3457,830,2627,4242,1259,2983,1242348,620882,621466,185320,93278,92042,634,303,331,46,29,17,16,8,8,1.14,100.09,53.42,352.27,0.08,100.28,54,356.07,7.24,99.34,51.21,337.96,22455,803,8147,2326,2179,2163,1432,1385,63,280,187,2163,1327,70.51,73.53,67.5,69.58,72.65,66.52,74.13,76.99,71.3,71.3,74.53,68.09,70.39,73.67,67.12,74.85,77.9,71.84,71.19,71.94,86.82,77.27,75,74.07,77.45,92.39,75,75,68.34,66.42,81.57,81.25,75,193199,173181,52016,50432,66044,63602,49174,43051,19183,12450,6782,3646,1291110,644314,646796,410864,358643,52221,412268,36228,376040,26461,19439,7022,441517,230004,211513,410864,358643,52221,201790,176653,25137,86933,77997,8936,99777,89644,10133,22364,14349,8015,410864,358643,52221,240235,205089,35146,42634,38747,3887,127995,114807,13188,34.47,13.79,53.89,35.11,14.04,55.22,32.06,12.79,49.01,25.7,14.24,37.19,26.34,14.6,38.31,23.24,12.82,33.07,45.3,13.18,73.07,45.94,13.29,74.68,42.88,12.75,67.22,50.87,66.7,35.1,49.99,66.5,33.52,54.28,67.48,41.23,63.41,83.74,43.56,62.37,83.52,41.66,67.42,84.64,50.83,15.92,24.07,7.8,14.55,22.61,6.5,21.25,29.77,12.83,19.49,29.83,9.41,17.86,28.06,7.87,25.81,36.71,15.3,19.06,25.05,13.22,17.6,23.24,12.08,24.73,32.1,17.63,41.15,58.57,24.15,40.6,58.22,23.34,43.27,59.92,27.23,118,62,52.54,56,47.46,1557878,0.94,789371,0.97,768457,0.92,50,0.62,1957,0.42,342028,273093,68935,339266,271609,67657,2602,1413,1189,160,71,89,341868,273022,68846,340662,272224,68438,276,187,89,930,611,319,340662,89066,345,243911,4748,538,1944,94,16,26.14,0.1,71.6,1.39,0.16,0.57,0.03,0,340662,10194,327106,3112,90,67,93,2.99,96.02,0.91,0.03,0.02,0.03,340662,86402,2147,6527,245250,336,25.36,0.63,1.92,71.99,0.1,340662,8705,60700,269586,1671,100,2.56,17.82,79.14,0.49,95.59,1.6,0.43,0.35,2.03,1.07,98.8,0.05,0.02,0.02,0,0,0.04,32.45,8.55,45.01,5.64,7.41,0.93,68.82,31.18,68.24,31.76,71.12,28.88,75.43,2.4,12.02,10.14,94.19,2.8,0.55,2.46,7.38,84.39,3.57,0.01,0.01,0.19,0,4.3,0.06,0.08,2418,1846,572,340662,13915,40485,69316,93632,63240,31929,14052,6479,3409,1900,2305,4.15
Rajshahi,Sirajganj,50,88,842308,3357706,840947,3352576,1301,5067,60,63,1398,842248,3357643,837249,3289850,866,44943,4133,22850,3357706,1666165,1691304,237,3352576,1663662,1688678,236,5067,2461,2605,1,63,42,21,0,3357706,1666165,1691304,237,2677687,1327019,1350505,163,680019,339146,340799,74,3357643,3289850,44943,22850,97.98,1.34,0.68,2677682,2637759,28715,11208,98.51,1.07,0.42,679961,652091,16228,11642,95.9,2.39,1.71,2706085,1330729,1375356,731742,446292,285450,1812610,867000,945610,144140,12445,131695,9956,2576,7380,7637,2416,5221,3209883,1592233,1617650,146519,73383,73136,354,177,177,78,49,29,635,323,312,0.72,98.51,56.76,351.51,0.06,98.26,58.07,361.97,3.94,99.51,51.79,311.86,48488,1667,16147,5061,6662,4220,3063,2930,400,769,496,5253,1820,68.67,71,66.39,66.86,69.23,64.53,75.73,77.82,73.65,69.48,72.02,67,67.67,70.27,65.15,76.5,78.78,74.24,69.34,72.57,84.97,76.06,51.25,71.78,77.16,85.28,76.09,58.39,66.96,67.99,84.66,76,43.75,475494,413710,135698,128215,163830,153816,118043,93919,44922,29715,13001,8045,3036732,1502615,1534117,987381,861035,126346,918066,31299,886767,37318,28571,8747,1093967,581710,512257,987381,861035,126346,554623,490125,64498,231577,209149,22428,168840,147441,21399,32341,14320,18021,987381,861035,126346,447273,373173,74100,166339,149600,16739,373769,338262,35507,32.56,9.53,53.69,33.56,9.7,55.38,28.99,8.94,47.61,23.63,9.98,37.72,24.53,10.25,39.3,20.35,8.99,32.01,43.79,8.88,71.37,45.01,8.88,73.22,39.53,8.88,64.73,50.41,65.3,35.83,48.97,64.77,33.54,56.04,67.36,44.81,63.63,83.39,44.91,61.96,82.94,42.17,69.99,85.12,55.45,21.18,29.85,12.69,19.14,27.81,10.66,29.15,37.73,20.64,25.52,36.67,14.95,23.17,34.32,12.65,34.47,45.54,23.83,21.15,27.12,15.49,19.54,25.35,14.06,27.28,33.81,21,36.74,52.45,21.85,35.51,51.39,20.52,41.44,56.45,27.01,20319,9921,48.83,10398,51.17,3824398,2.32,1926983,2.36,1897157,2.28,258,3.18,5853,1.25,842308,673840,168468,840947,673819,167128,1301,16,1285,60,5,55,842248,673835,168413,837249,671096,166153,866,617,249,4133,2122,2011,837249,157380,892,644211,1576,1364,31519,226,81,18.8,0.11,76.94,0.19,0.16,3.76,0.03,0.01,837249,55478,779890,1570,98,141,72,6.63,93.15,0.19,0.01,0.02,0.01,837249,299919,11392,2569,523010,359,35.82,1.36,0.31,62.47,0.04,837249,52884,88849,694877,639,100,6.32,10.61,83,0.08,93.76,3.15,1.08,0.44,1.56,1.62,98.28,0.03,0.01,0.03,0,0,0.02,50.39,14.14,27.66,3.75,3.7,0.37,66.96,33.04,66.55,33.45,68.63,31.37,68.42,2.12,17.19,12.27,96.62,2.75,0.11,0.52,15.29,61.31,14.61,0.01,0.01,0.05,3.36,5.26,0.06,0.05,30007,24382,5625,837249,36807,120970,192052,227944,141892,65081,27326,11883,6130,3236,3928,3.93
Sylhet,Moulvibazar,60,58,446356,2123447,443958,2113973,2271,9335,127,139,759,446229,2123308,441938,2088869,417,19543,3874,14896,2123447,1020732,1102617,98,2113973,1015923,1097958,92,9335,4708,4621,6,139,101,38,0,2123447,1020732,1102617,98,1826257,874833,951345,79,297190,145899,151272,19,2123308,2088869,19543,14896,98.38,0.92,0.7,1826212,1802438,15609,8165,98.7,0.85,0.45,297096,286431,3934,6731,96.41,1.32,2.27,1715355,811981,903374,622307,357659,264648,968186,439929,528257,109017,11116,97901,7930,1247,6683,7915,2030,5885,1585155,755452,829703,519247,255695,263552,17760,8971,8789,212,135,77,975,479,496,0.9,92.57,54.65,321.21,0.58,91.96,55.36,324.47,3.17,96.45,50.43,301.42,30629,1323,10161,3535,3447,2982,1666,1447,135,532,371,3789,1241,75.02,76.64,73.54,74.15,75.76,72.69,80.33,81.91,78.82,75.85,77.68,74.19,74.98,76.8,73.34,81.14,82.9,79.47,76.91,72.87,69.51,88.02,73.95,77.9,77.22,71.84,92.8,79.86,76.03,68.69,67.1,79.1,67.99,277480,281703,86296,82598,98740,96363,62497,74257,22590,22781,7357,5704,1922278,918645,1003633,614301,493399,120902,524742,23356,501386,36519,26814,9705,746716,375076,371640,614301,493399,120902,383008,312412,70596,107339,90716,16623,96320,77602,18718,27634,12669,14965,614301,493399,120902,239984,177032,62952,109856,78511,31345,264461,237856,26605,36.36,17.38,52.36,36.95,17.77,53.1,32.7,15.01,47.84,28.01,18.92,36.41,28.64,19.4,37.14,24,15.92,31.69,46.42,15.3,69.87,47.11,15.55,70.87,42.4,13.87,64.03,49.06,60.44,38.64,47.83,59.63,37.11,56.55,65.23,48.25,62.52,78.69,48.39,61.07,77.83,46.54,71.26,83.69,59.86,29.99,36.61,23.93,28.31,34.82,22.39,40.25,47.26,33.54,36.4,45.69,28.28,34.48,43.63,26.55,47.93,57.71,38.95,23.07,27.73,19,22.04,26.26,18.39,29.28,36.37,22.78,30.91,43.03,20.31,30,41.93,19.66,36.33,49.45,24.29,73303,36307,49.53,36996,50.47,2113419,1.28,1015282,1.24,1098035,1.32,102,1.26,7731,1.66,446356,382324,64032,443958,382200,61758,2271,79,2192,127,45,82,446229,382279,63950,441938,379828,62110,417,334,83,3874,2117,1757,441938,259109,1451,84104,19990,1343,75547,302,92,58.63,0.33,19.03,4.52,0.3,17.09,0.07,0.02,441938,71243,363480,6497,273,238,207,16.12,82.25,1.47,0.06,0.05,0.05,441938,200603,13644,11136,216027,528,45.39,3.09,2.52,48.88,0.12,441938,65806,135443,237646,3043,100,14.89,30.65,53.77,0.69,79.53,6.25,3.2,1.21,9.82,2.71,91.18,0.13,5.29,0.53,0.1,0,0.06,51.9,13.94,14.69,6.93,9.56,2.98,84.24,15.76,84.4,15.6,83.29,16.71,62.26,1.68,22.43,13.62,96.37,1.27,0.31,2.05,1.18,83.3,2.51,0.02,0.01,0.04,7.68,5.14,0.07,0.05,98592,85237,13355,441938,13813,38397,74196,105352,87242,53164,28708,16000,9389,5860,9817,4.73
Rangpur,Nilphamari,55,73,505605,2092568,505436,2092238,44,195,125,135,1353,505480,2092433,503373,2064574,550,20349,1557,7510,2092568,1041802,1050712,54,2092238,1041611,1050573,54,195,101,94,0,135,90,45,0,2092568,1041802,1050712,54,1562038,776568,785432,38,530530,265234,265280,16,2092433,2064574,20349,7510,98.67,0.97,0.36,1562012,1547830,11442,2740,99.09,0.73,0.18,530421,516744,8907,4770,97.42,1.68,0.9,1685922,832231,853691,461952,279169,182783,1123310,541281,582029,91453,9154,82299,4340,1172,3168,4867,1455,3412,1763700,877592,886108,327331,163416,163915,1059,499,560,335,242,93,89,53,36,1.17,99.15,55.55,362.08,0.1,98.87,56.8,370.36,5.37,99.98,51.98,338.42,39622,1124,13454,3194,4296,3186,1546,2483,371,484,333,7266,1885,68.77,71.51,66.06,66.86,69.63,64.14,74.35,76.98,71.73,69.23,72.2,66.32,67.33,70.33,64.4,74.76,77.6,71.94,69.72,66.58,81.52,94.44,57.14,72.16,72.32,86.39,97.06,65.96,67.34,60.89,77.27,87.21,43.33,298910,267705,86824,82660,104922,98593,71715,62214,26472,18844,8977,5394,1883521,934314,949207,615291,523678,91613,576642,40163,536479,34004,24580,9424,657584,345893,311691,615291,523678,91613,346462,293001,53461,130025,116864,13161,112660,98439,14221,26144,15374,10770,615291,523678,91613,299916,254037,45879,78945,57619,21326,236430,212022,24408,32.73,11.51,51.44,33.44,11.58,52.62,30.73,11.32,48.11,23.79,11.65,35.54,24.52,11.89,36.68,21.71,10.98,32.27,43.65,11.32,69.07,44.37,11.16,70.34,41.66,11.77,65.5,50.18,64.35,36.24,48.6,63.76,33.74,54.8,66.08,43.6,63.45,82.21,45.49,61.66,81.72,42.52,68.62,83.62,54.11,17.54,25.36,9.84,15.09,22.85,7.47,24.71,32.66,16.81,21.44,31.58,11.73,18.56,28.62,8.96,29.72,40.05,19.73,25.96,31.12,21.02,25.32,29.99,20.87,27.79,34.36,21.44,43.37,60.4,27.07,42.92,60.33,26.31,44.67,60.59,29.27,127,61,48.03,66,51.97,2221601,1.35,1120128,1.37,1101415,1.32,58,0.71,2821,0.6,505605,379819,125786,505436,379794,125642,44,0,44,125,25,100,505480,379794,125686,503373,378842,124531,550,337,213,1557,615,942,503373,173451,563,239830,84375,1091,3943,90,30,34.46,0.11,47.64,16.76,0.22,0.78,0.02,0.01,503373,22303,477124,3788,52,53,53,4.43,94.79,0.75,0.01,0.01,0.01,503373,135641,4736,6989,355890,117,26.95,0.94,1.39,70.7,0.02,503373,20005,107514,373740,2114,100,3.97,21.36,74.25,0.42,93.95,2.94,0.72,0.33,2.06,0.31,99.64,0.01,0.02,0,0,0,0.02,43.08,14.83,25.01,3.67,5.67,7.74,70.1,29.9,68.96,31.04,73.38,26.62,68.59,1.96,15.51,13.94,98.6,0.28,0.08,1.04,16.5,72.89,2.57,0,0,1.54,0,6.35,0.05,0.08,4885,3352,1533,503373,21509,63113,102768,136890,93538,46526,20260,8865,4597,2446,2861,4.1
Rangpur,Panchagarh,55,77,281627,1179843,280851,1176974,735,2827,41,42,840,281586,1179801,280273,1160775,397,15064,916,3962,1179843,588968,590839,36,1176974,587561,589377,36,2827,1380,1447,0,42,27,15,0,1179843,588968,590839,36,989995,494195,495786,14,189848,94773,95053,22,1179801,1160775,15064,3962,98.39,1.28,0.34,989984,977648,10602,1734,98.75,1.07,0.18,189817,183127,4462,2228,96.48,2.35,1.17,942312,467035,475277,243642,147974,95668,641987,313391,328596,51116,4145,46971,2582,684,1898,2985,841,2144,991731,495139,496592,184948,92240,92708,2714,1369,1345,24,15,9,390,205,185,1.58,99.68,55.58,386.18,0.92,99.68,56.06,391.87,6.14,99.71,53.1,357.45,21823,536,7362,1736,3168,1797,959,1793,268,323,194,3030,657,72.98,75.75,70.23,71.94,74.71,69.19,78.36,81.11,75.63,73.66,76.66,70.69,72.63,75.64,69.65,79,81.93,76.09,73.96,72.21,68.12,81.82,51.49,76.38,78.22,73.63,86.67,53.41,71.57,66.25,62.65,71.43,49.38,161113,144084,48620,46360,56844,53686,38560,33103,12881,8431,4208,2504,1055587,525470,530117,362451,305443,57008,312144,20189,291955,19724,13852,5872,361268,185986,175282,362451,305443,57008,162909,141787,21122,112970,94136,18834,72698,61466,11232,13874,8054,5820,362451,305443,57008,210971,168827,42144,19656,18292,1364,131824,118324,13500,35.14,11.73,55.73,35.63,11.82,56.69,32.65,11.28,50.91,25.08,11.61,38.01,25.54,11.69,38.9,22.77,11.22,33.56,47.1,11.89,75.01,47.61,11.99,76.04,44.47,11.36,69.87,48.75,66.28,31.38,47.47,65.93,29.17,55.42,68.09,42.86,61.55,84.41,39.44,59.94,83.93,36.71,69.88,86.91,53.49,15.16,22.6,7.78,13.23,20.55,5.99,25.12,33.23,17.08,18.45,28.06,9.16,16.23,25.61,7.14,29.95,40.7,19.59,27.5,33.98,21.23,26.41,32.67,20.34,33.13,40.74,25.79,37.87,56.73,19.63,36.73,55.73,18.33,43.77,61.93,26.29,2011,1051,52.26,960,47.74,1245532,0.75,627383,0.77,618111,0.74,38,0.47,1324,0.28,281627,236147,45480,280851,236136,44715,735,0,735,41,11,30,281586,236136,45450,280273,235377,44896,397,291,106,916,468,448,280273,99912,232,111432,61766,903,5935,72,21,35.65,0.08,39.76,22.04,0.32,2.12,0.03,0.01,280273,9746,267587,2828,37,40,35,3.48,95.47,1.01,0.01,0.01,0.01,280273,81845,1707,1279,195407,35,29.2,0.61,0.46,69.72,0.01,280273,8299,63342,206805,1827,100,2.96,22.6,73.79,0.65,95.28,2.24,0.32,0.3,1.86,0.8,99.11,0.01,0.08,0,0,0,0,27.82,9.36,48.74,4.82,6.51,2.76,73.74,26.26,72.69,27.31,79.13,20.87,62.11,1.58,17.15,19.16,98.65,0.22,0.1,1.03,29.27,65.34,0.96,0,0,0.44,0,3.91,0.05,0.02,2017,1543,474,280273,10468,31312,56319,81106,53595,26636,11085,4651,2404,1281,1416,4.14
Rangpur,Rangpur,55,85,834307,3169614,826692,3141432,7447,28003,168,179,1320,834139,3169435,828484,3082438,897,47830,4758,39167,3169614,1569026,1600438,150,3141432,1555303,1585989,140,28003,13601,14392,10,179,122,57,0,3169614,1569026,1600438,150,2137933,1048108,1089770,55,1031681,520918,510668,95,3169435,3082438,47830,39167,97.26,1.51,1.24,2137890,2117402,15899,4589,99.04,0.74,0.21,1031545,965036,31931,34578,93.55,3.1,3.35,2613392,1283070,1330322,692806,421638,271168,1742651,842043,900608,157174,13014,144160,10423,3066,7357,10338,3309,7029,2872812,1420335,1452477,283955,142552,141403,8083,3870,4213,1440,721,719,3174,1548,1626,0.85,98.04,51.01,325.54,-1.17,96.18,53.49,340.5,7.52,102.01,46.13,296.1,51549,1858,17682,5389,5725,4649,3173,3038,212,680,540,6180,2423,70.27,72.86,67.76,66.65,69.16,64.26,77.71,80.19,75.19,70.73,73.49,68.04,67.08,69.78,64.52,78.19,80.82,75.51,71.04,68.08,63.65,61.62,50.88,73.64,72.4,67.73,64.25,53.83,68.52,63.75,59.94,58.99,48.08,436707,388046,114380,108942,143869,134969,115049,97758,48418,36942,14991,9435,2882402,1422273,1460129,903941,789900,114041,906488,62573,843915,59544,41079,18465,1012429,528721,483708,903941,789900,114041,504987,443420,61567,194721,176160,18561,167140,148516,18624,37093,21804,15289,903941,789900,114041,442316,378152,64164,88191,80384,7807,373434,331364,42070,31.75,11.78,49.87,34.98,13.22,53.9,26.38,9.54,42.79,22.51,11.44,33.7,24.83,12.9,36.44,18.43,9.03,28.62,43.17,12.26,67.65,48.1,13.7,73.9,35.5,10.19,57.3,53.01,67.04,39.34,50.22,66.08,35.11,58.74,68.95,48.33,65.13,83.29,47.93,61.85,82.37,42.87,71.79,85.09,58.56,19.5,26.84,12.36,14.49,21.44,7.85,29.81,37.55,21.93,23.32,32.59,14.54,17.41,26.18,9.31,35.31,45.13,25.55,23.57,29.63,17.82,21.43,27.44,15.88,27.9,33.91,21.92,42.28,58.24,27.16,39.88,56.42,24.57,47.16,61.8,32.61,15947,7710,48.35,8237,51.65,3630206,2.2,1827349,2.24,1802674,2.16,183,2.25,4396,0.94,834307,580389,253918,826692,579964,246728,7447,383,7064,168,42,126,834139,580347,253792,828484,579079,249405,897,425,472,4758,843,3915,828484,354523,2229,382482,22325,1389,65178,238,120,42.79,0.27,46.17,2.69,0.17,7.87,0.03,0.01,828484,67551,755670,4736,152,205,170,8.15,91.21,0.57,0.02,0.02,0.02,828484,250875,18056,2900,556222,431,30.28,2.18,0.35,67.14,0.05,828484,62325,178517,586218,1424,100,7.52,21.55,70.76,0.17,92.21,4.53,1.03,0.36,1.87,1.06,98.89,0.02,0.01,0.01,0,0,0.01,51.44,12.86,20.38,3.72,7.54,4.06,71.65,28.35,70.66,29.34,73.89,26.11,68.46,3.57,12.4,15.58,98.69,0.19,0.16,0.96,12.26,73.72,2.95,0.01,0,0.76,0,10.14,0.11,0.04,8897,6286,2611,828484,48109,130238,203689,231968,124275,52856,20364,8494,4142,2101,2248,3.72
Rangpur,Thakurgaon,55,94,382400,1533895,381262,1529809,1021,3930,117,156,861,382283,1533739,380021,1505539,427,17243,1835,10957,1533895,768749,765102,44,1529809,766699,763066,44,3930,1951,1979,0,156,99,57,0,1533895,768749,765102,44,1248889,625302,623555,32,285006,143447,141547,12,1533739,1505539,17243,10957,98.16,1.12,0.71,1248847,1235639,9716,3492,98.94,0.78,0.28,284892,269900,7527,7465,94.74,2.64,2.62,1252337,623133,629204,326529,200390,126139,848218,413453,434765,70021,7105,62916,3646,1062,2584,3923,1123,2800,1181734,592051,589683,339577,170435,169142,9614,4750,4864,144,75,69,2782,1438,1344,0.88,100.48,51.44,337.99,0.14,100.28,52,344.63,5.06,101.34,49.02,309.71,23191,870,8347,2212,2588,2461,1178,1468,83,427,237,2401,919,73.96,77.68,70.26,72.59,76.48,68.72,79.95,82.86,77,74.38,78.36,70.42,73,77.17,68.86,80.36,83.46,77.25,75.27,71.59,69.43,60.16,60.92,78.56,77.87,74.76,71.64,65.68,72,65.31,64.21,47.54,55.92,210828,183906,59624,56119,71174,66690,52686,44074,20630,13257,6714,3766,1389920,694625,695295,454264,398345,55919,446255,36777,409478,21798,16081,5717,467603,243422,224181,454264,398345,55919,224341,196176,28165,104724,94993,9731,102954,92976,9978,22245,14200,8045,454264,398345,55919,264808,228333,36475,25143,23631,1512,164313,146381,17932,34.26,11.79,54.85,35.67,12.29,57.01,28.49,9.74,45.9,23.68,11.15,36.25,24.77,11.72,37.78,19.22,8.87,29.9,46.63,12.62,74.65,48.38,13.03,77.52,39.41,10.9,62.79,50.62,68.52,32.73,48.89,68.22,29.61,58.16,69.82,46.38,62.73,85.61,40.39,60.54,85.18,36.53,72.31,87.48,57.34,17.22,25.18,9.27,14.9,22.74,7.09,27.3,35.75,18.77,20.72,30.76,10.91,17.94,27.78,8.34,32.82,43.63,22.16,26.1,32.51,19.83,24.41,30.73,18.25,33.46,40.22,26.79,40.9,60.89,21.37,39.5,60.19,19.35,47,63.94,30.27,15511,8080,52.09,7431,47.91,1643413,1,834699,1.02,808668,0.97,46,0.57,1695,0.36,382400,311343,71057,381262,310628,70634,1021,678,343,117,37,80,382283,311306,70977,380021,310188,69833,427,280,147,1835,838,997,380021,200466,639,66354,59492,6594,46196,211,69,52.75,0.17,17.46,15.65,1.74,12.16,0.06,0.02,380021,22440,353591,3711,99,106,74,5.9,93.05,0.98,0.03,0.03,0.02,380021,134333,3954,1894,239619,221,35.35,1.04,0.5,63.05,0.06,380021,19483,110939,247608,1991,100,5.13,29.19,65.16,0.52,94.73,2.62,0.62,0.33,1.7,0.88,99.05,0.01,0.05,0,0,0,0.01,36.55,10.99,26.2,3.37,16.74,6.16,74.52,25.48,73.77,26.23,77.68,22.32,68.01,1.9,15.2,14.89,98.77,0.15,0.11,0.97,32.2,61.23,0.88,0,0,1.18,0,4.38,0.08,0.05,4683,3733,950,380021,16026,49656,82779,112589,66032,30798,11940,4898,2590,1297,1416,3.96
Sylhet,Sunamganj,60,90,528550,2695496,527545,2691484,865,3868,140,144,719,528410,2695352,525449,2675216,197,10019,2764,10117,2695496,1323155,1372139,202,2691484,1321174,1370113,197,3868,1891,1973,4,144,90,53,1,2695496,1323155,1372139,202,2293364,1125411,1167832,121,402132,197744,204307,81,2695352,2675216,10019,10117,99.25,0.37,0.38,2293322,2279903,6931,6488,99.41,0.3,0.28,402030,395313,3088,3629,98.33,0.77,0.9,2080768,1009671,1071097,784804,448180,336624,1161880,549331,612549,119732,8772,110960,6781,1223,5558,7571,2165,5406,2377167,1164659,1212508,315024,156929,158095,2560,1266,1294,201,114,87,342,187,155,0.78,96.43,67.18,427.26,0.32,96.37,68.8,439.05,4.01,96.79,58.5,363.82,34803,1673,10622,3271,4675,3944,1860,1833,241,580,420,4382,1302,63.62,64.66,62.62,62.16,63.03,61.33,71.82,73.83,69.89,64.92,66.14,63.76,63.49,64.52,62.51,72.89,75.13,70.73,63.83,72.68,74.26,61.11,74.45,64.89,74.84,76.64,69.07,79.43,62.83,70.55,71.87,49.23,68.31,343312,351622,117265,114549,126531,128621,67932,79832,24316,23222,7268,5398,2390365,1168590,1221775,688805,589492,99313,645006,39814,605192,46778,35517,11261,1009776,503767,506009,688805,589492,99313,354567,317212,37355,129719,109442,20277,161592,139480,22112,42927,23358,19569,688805,589492,99313,435787,357992,77795,50684,47892,2792,202334,183608,18726,40.91,21.93,57.9,41.54,22.29,58.85,37.35,19.88,52.65,34.73,24.98,44.09,35.52,25.6,45.11,30.13,21.25,38.32,48.59,17.82,73.85,49.1,17.75,74.82,45.83,18.18,68.62,42.67,57.05,28.91,41.39,56.08,27.36,49.82,62.48,37.63,57.03,77.6,38.08,55.61,76.73,36.2,64.7,82.22,48.34,20.89,28.11,13.98,19.5,26.43,12.87,28.71,37.52,20.23,26.94,37.21,17.49,25.28,35.21,16.16,35.93,47.92,24.72,12.58,16.59,8.87,11.16,14.63,7.96,20.24,27.1,13.83,26.43,38.66,15.16,25.36,37.21,14.47,32.23,46.45,18.94,5308,2674,50.38,2634,49.62,2931182,1.78,1448727,1.77,1482228,1.78,227,2.79,6731,1.44,528550,446779,81771,527545,446548,80997,865,190,675,140,41,99,528410,446738,81672,525449,444867,80582,197,128,69,2764,1743,1021,525449,177658,959,279560,14406,5880,46497,289,200,33.81,0.18,53.2,2.74,1.12,8.85,0.06,0.04,525449,61496,453568,9151,526,342,366,11.7,86.32,1.74,0.1,0.07,0.07,525449,146354,4870,18007,355786,432,27.85,0.93,3.43,67.71,0.08,525449,54934,76521,388642,5352,100,10.45,14.56,73.96,1.02,93.27,2.99,0.95,0.89,1.91,0.68,96.87,0.21,0.86,1.36,0,0,0.03,28.22,19.8,19.06,12.65,16.7,3.57,75.47,24.53,74.59,25.41,80.22,19.78,37.93,1.4,37.71,22.96,97.05,1.08,0.59,1.29,5.15,65.94,18.67,0.02,0.02,0.05,2.7,7.3,0.07,0.07,63212,54941,8271,525449,14086,39415,70460,104937,105541,78260,48226,27163,14596,8854,13911,5.09
Sylhet,Sylhet,60,91,746854,3857123,722553,3753617,23853,103032,448,474,1117,746406,3856649,730569,3751330,873,52292,14964,53027,3857123,1896490,1960484,149,3753617,1843356,1910187,74,103032,52761,50197,74,474,373,100,1,3857123,1896490,1960484,149,2844779,1382938,1461793,48,1012344,513552,498691,101,3856649,3751330,52292,53027,97.27,1.36,1.37,2844720,2798362,27099,19259,98.37,0.95,0.68,1011929,952968,25193,33768,94.17,2.49,3.34,3074484,1497246,1577238,1254106,726727,527379,1627660,756205,871455,167714,10245,157469,15019,1617,13402,9985,2452,7533,3570264,1752718,1817546,282895,141842,141053,2518,1248,1270,480,276,204,817,406,411,1.03,96.74,56.59,351.97,0.53,94.61,59.84,368.48,2.62,102.98,48.13,306.2,49660,2424,15843,5428,4663,5050,2937,1939,242,781,541,7694,2118,75.35,77.22,73.55,73.47,75.08,71.95,80.54,82.83,78.18,76.43,78.49,74.45,74.58,76.41,72.88,81.47,83.9,78.96,76.18,79.33,80.2,89.47,73.07,78.2,81.87,82.5,92.09,77.87,74.26,76.78,78.01,85.87,68.13,545186,537345,160175,155904,184430,181820,124571,136817,58493,51281,17517,11523,3470115,1699784,1770331,990189,828354,161835,877226,51037,826189,73054,58015,15039,1529646,762378,767268,990189,828354,161835,588759,513314,75445,198741,169550,29191,141083,112667,28416,61606,32823,28783,990189,828354,161835,352012,249079,102933,104837,98477,6360,533340,480798,52542,36.26,19.7,51.63,38.14,21.67,53,31.08,14.55,47.67,29.04,21.19,36.77,30.48,23.11,37.56,24.74,15.72,34.3,44.52,17.89,67.61,47.27,19.82,70.24,37.53,13.3,60.51,50.56,61.85,39.72,47.51,59.34,36.43,58.99,68.47,49.23,65.37,81.1,50.75,62.19,79.07,47,73.74,86.12,61.2,33.92,42.12,26.04,30.39,38.35,22.93,43.66,52.03,35.05,42.02,53.34,31.5,38.13,49.4,28,52.27,63.12,41.27,18.61,24.35,13.27,15.79,20.65,11.42,26.03,33.54,18.43,31.88,44.94,19.73,29.74,42.11,18.62,37.49,51.96,22.83,16508,8245,49.95,8263,50.05,3780829,2.29,1849273,2.26,1931440,2.32,116,1.43,12729,2.73,746854,538444,208410,722553,533285,189268,23853,5105,18748,448,54,394,746406,538390,208016,730569,532321,198248,873,415,458,14964,5654,9310,730569,486872,5618,136432,34663,8936,57265,505,278,66.64,0.77,18.67,4.74,1.22,7.84,0.07,0.04,730569,200509,512421,15695,939,531,474,27.45,70.14,2.15,0.13,0.07,0.06,730569,406050,37144,28253,258231,891,55.58,5.08,3.87,35.35,0.12,730569,190170,226299,305144,8956,100,26.03,30.98,41.77,1.23,79.19,14.41,3.52,0.84,2.04,11.99,75.74,0.26,1.95,9.8,0.21,0,0.04,57.24,16.69,10.92,5.85,7.1,2.19,80.92,19.08,81.98,18.02,78.14,21.86,60.87,1.69,23.47,13.97,98.74,0.31,0.23,0.73,1.85,66.14,4.68,0.03,0.04,0.08,18.77,8.15,0.16,0.09,149149,116642,32507,730569,18386,53053,102825,152780,143801,101254,62353,36293,21359,13723,24742,5.13
